"","x"
"1","+|Production"
"2","Demand|+|Agricultural Supply Chain Loss"
"3","Demand|+|Bioenergy"
"4","Demand|+|Domestic Balanceflow"
"5","Demand|+|Feed"
"6","Demand|+|Food"
"7","Demand|+|Material"
"8","Demand|+|Processing"
"9","Demand|+|Seed"
"10","Demand|Agricultural Supply Chain Loss|+|Bioenergy crops"
"11","Demand|Agricultural Supply Chain Loss|+|Crop residues"
"12","Demand|Agricultural Supply Chain Loss|+|Crops"
"13","Demand|Agricultural Supply Chain Loss|+|Fish"
"14","Demand|Agricultural Supply Chain Loss|+|Forage"
"15","Demand|Agricultural Supply Chain Loss|+|Forest products"
"16","Demand|Agricultural Supply Chain Loss|+|Livestock products"
"17","Demand|Agricultural Supply Chain Loss|+|Pasture"
"18","Demand|Agricultural Supply Chain Loss|+|Secondary products"
"19","Demand|Agricultural Supply Chain Loss|Bioenergy crops|+|Short rotation grasses"
"20","Demand|Agricultural Supply Chain Loss|Bioenergy crops|+|Short rotation trees"
"21","Demand|Agricultural Supply Chain Loss|Crop residues|+|Non fibrous crop residues"
"22","Demand|Agricultural Supply Chain Loss|Crop residues|+|Other fibrous crop residues"
"23","Demand|Agricultural Supply Chain Loss|Crop residues|+|Straw"
"24","Demand|Agricultural Supply Chain Loss|Crops|+|Cereals"
"25","Demand|Agricultural Supply Chain Loss|Crops|+|Oil crops"
"26","Demand|Agricultural Supply Chain Loss|Crops|+|Other crops"
"27","Demand|Agricultural Supply Chain Loss|Crops|+|Sugar crops"
"28","Demand|Agricultural Supply Chain Loss|Crops|Cereals|+|Maize"
"29","Demand|Agricultural Supply Chain Loss|Crops|Cereals|+|Rice"
"30","Demand|Agricultural Supply Chain Loss|Crops|Cereals|+|Temperate cereals"
"31","Demand|Agricultural Supply Chain Loss|Crops|Cereals|+|Tropical cereals"
"32","Demand|Agricultural Supply Chain Loss|Crops|Oil crops|+|Cotton seed"
"33","Demand|Agricultural Supply Chain Loss|Crops|Oil crops|+|Groundnuts"
"34","Demand|Agricultural Supply Chain Loss|Crops|Oil crops|+|Oilpalms"
"35","Demand|Agricultural Supply Chain Loss|Crops|Oil crops|+|Other oil crops (incl rapeseed)"
"36","Demand|Agricultural Supply Chain Loss|Crops|Oil crops|+|Soybean"
"37","Demand|Agricultural Supply Chain Loss|Crops|Oil crops|+|Sunflower"
"38","Demand|Agricultural Supply Chain Loss|Crops|Other crops|+|Fruits Vegetables Nuts"
"39","Demand|Agricultural Supply Chain Loss|Crops|Other crops|+|Potatoes"
"40","Demand|Agricultural Supply Chain Loss|Crops|Other crops|+|Pulses"
"41","Demand|Agricultural Supply Chain Loss|Crops|Other crops|+|Tropical roots"
"42","Demand|Agricultural Supply Chain Loss|Crops|Sugar crops|+|Sugar beet"
"43","Demand|Agricultural Supply Chain Loss|Crops|Sugar crops|+|Sugar cane"
"44","Demand|Agricultural Supply Chain Loss|Forest products|+|Industrial roundwood"
"45","Demand|Agricultural Supply Chain Loss|Forest products|+|Wood fuel"
"46","Demand|Agricultural Supply Chain Loss|Livestock products|+|Dairy"
"47","Demand|Agricultural Supply Chain Loss|Livestock products|+|Eggs"
"48","Demand|Agricultural Supply Chain Loss|Livestock products|+|Monogastric meat"
"49","Demand|Agricultural Supply Chain Loss|Livestock products|+|Poultry meat"
"50","Demand|Agricultural Supply Chain Loss|Livestock products|+|Ruminant meat"
"51","Demand|Agricultural Supply Chain Loss|Secondary products|+|Alcoholic beverages"
"52","Demand|Agricultural Supply Chain Loss|Secondary products|+|Brans"
"53","Demand|Agricultural Supply Chain Loss|Secondary products|+|Cotton lint"
"54","Demand|Agricultural Supply Chain Loss|Secondary products|+|Distillers grains"
"55","Demand|Agricultural Supply Chain Loss|Secondary products|+|Ethanol"
"56","Demand|Agricultural Supply Chain Loss|Secondary products|+|Microbial protein"
"57","Demand|Agricultural Supply Chain Loss|Secondary products|+|Molasses"
"58","Demand|Agricultural Supply Chain Loss|Secondary products|+|Oilcakes"
"59","Demand|Agricultural Supply Chain Loss|Secondary products|+|Oils"
"60","Demand|Agricultural Supply Chain Loss|Secondary products|+|Sugar"
"61","Demand|Bioenergy|+|Bioenergy crops"
"62","Demand|Bioenergy|+|Crop residues"
"63","Demand|Bioenergy|+|Crops"
"64","Demand|Bioenergy|+|Fish"
"65","Demand|Bioenergy|+|Forage"
"66","Demand|Bioenergy|+|Forest products"
"67","Demand|Bioenergy|+|Livestock products"
"68","Demand|Bioenergy|+|Pasture"
"69","Demand|Bioenergy|+|Secondary products"
"70","Demand|Bioenergy|Bioenergy crops|+|Short rotation grasses"
"71","Demand|Bioenergy|Bioenergy crops|+|Short rotation trees"
"72","Demand|Bioenergy|Crop residues|+|Non fibrous crop residues"
"73","Demand|Bioenergy|Crop residues|+|Other fibrous crop residues"
"74","Demand|Bioenergy|Crop residues|+|Straw"
"75","Demand|Bioenergy|Crops|+|Cereals"
"76","Demand|Bioenergy|Crops|+|Oil crops"
"77","Demand|Bioenergy|Crops|+|Other crops"
"78","Demand|Bioenergy|Crops|+|Sugar crops"
"79","Demand|Bioenergy|Crops|Cereals|+|Maize"
"80","Demand|Bioenergy|Crops|Cereals|+|Rice"
"81","Demand|Bioenergy|Crops|Cereals|+|Temperate cereals"
"82","Demand|Bioenergy|Crops|Cereals|+|Tropical cereals"
"83","Demand|Bioenergy|Crops|Oil crops|+|Cotton seed"
"84","Demand|Bioenergy|Crops|Oil crops|+|Groundnuts"
"85","Demand|Bioenergy|Crops|Oil crops|+|Oilpalms"
"86","Demand|Bioenergy|Crops|Oil crops|+|Other oil crops (incl rapeseed)"
"87","Demand|Bioenergy|Crops|Oil crops|+|Soybean"
"88","Demand|Bioenergy|Crops|Oil crops|+|Sunflower"
"89","Demand|Bioenergy|Crops|Other crops|+|Fruits Vegetables Nuts"
"90","Demand|Bioenergy|Crops|Other crops|+|Potatoes"
"91","Demand|Bioenergy|Crops|Other crops|+|Pulses"
"92","Demand|Bioenergy|Crops|Other crops|+|Tropical roots"
"93","Demand|Bioenergy|Crops|Sugar crops|+|Sugar beet"
"94","Demand|Bioenergy|Crops|Sugar crops|+|Sugar cane"
"95","Demand|Bioenergy|Forest products|+|Industrial roundwood"
"96","Demand|Bioenergy|Forest products|+|Wood fuel"
"97","Demand|Bioenergy|Livestock products|+|Dairy"
"98","Demand|Bioenergy|Livestock products|+|Eggs"
"99","Demand|Bioenergy|Livestock products|+|Monogastric meat"
"100","Demand|Bioenergy|Livestock products|+|Poultry meat"
"101","Demand|Bioenergy|Livestock products|+|Ruminant meat"
"102","Demand|Bioenergy|Secondary products|+|Alcoholic beverages"
"103","Demand|Bioenergy|Secondary products|+|Brans"
"104","Demand|Bioenergy|Secondary products|+|Cotton lint"
"105","Demand|Bioenergy|Secondary products|+|Distillers grains"
"106","Demand|Bioenergy|Secondary products|+|Ethanol"
"107","Demand|Bioenergy|Secondary products|+|Microbial protein"
"108","Demand|Bioenergy|Secondary products|+|Molasses"
"109","Demand|Bioenergy|Secondary products|+|Oilcakes"
"110","Demand|Bioenergy|Secondary products|+|Oils"
"111","Demand|Bioenergy|Secondary products|+|Sugar"
"112","Demand|Domestic Balanceflow|+|Bioenergy crops"
"113","Demand|Domestic Balanceflow|+|Crop residues"
"114","Demand|Domestic Balanceflow|+|Crops"
"115","Demand|Domestic Balanceflow|+|Fish"
"116","Demand|Domestic Balanceflow|+|Forage"
"117","Demand|Domestic Balanceflow|+|Forest products"
"118","Demand|Domestic Balanceflow|+|Livestock products"
"119","Demand|Domestic Balanceflow|+|Pasture"
"120","Demand|Domestic Balanceflow|+|Secondary products"
"121","Demand|Domestic Balanceflow|Bioenergy crops|+|Short rotation grasses"
"122","Demand|Domestic Balanceflow|Bioenergy crops|+|Short rotation trees"
"123","Demand|Domestic Balanceflow|Crop residues|+|Non fibrous crop residues"
"124","Demand|Domestic Balanceflow|Crop residues|+|Other fibrous crop residues"
"125","Demand|Domestic Balanceflow|Crop residues|+|Straw"
"126","Demand|Domestic Balanceflow|Crops|+|Cereals"
"127","Demand|Domestic Balanceflow|Crops|+|Oil crops"
"128","Demand|Domestic Balanceflow|Crops|+|Other crops"
"129","Demand|Domestic Balanceflow|Crops|+|Sugar crops"
"130","Demand|Domestic Balanceflow|Crops|Cereals|+|Maize"
"131","Demand|Domestic Balanceflow|Crops|Cereals|+|Rice"
"132","Demand|Domestic Balanceflow|Crops|Cereals|+|Temperate cereals"
"133","Demand|Domestic Balanceflow|Crops|Cereals|+|Tropical cereals"
"134","Demand|Domestic Balanceflow|Crops|Oil crops|+|Cotton seed"
"135","Demand|Domestic Balanceflow|Crops|Oil crops|+|Groundnuts"
"136","Demand|Domestic Balanceflow|Crops|Oil crops|+|Oilpalms"
"137","Demand|Domestic Balanceflow|Crops|Oil crops|+|Other oil crops (incl rapeseed)"
"138","Demand|Domestic Balanceflow|Crops|Oil crops|+|Soybean"
"139","Demand|Domestic Balanceflow|Crops|Oil crops|+|Sunflower"
"140","Demand|Domestic Balanceflow|Crops|Other crops|+|Fruits Vegetables Nuts"
"141","Demand|Domestic Balanceflow|Crops|Other crops|+|Potatoes"
"142","Demand|Domestic Balanceflow|Crops|Other crops|+|Pulses"
"143","Demand|Domestic Balanceflow|Crops|Other crops|+|Tropical roots"
"144","Demand|Domestic Balanceflow|Crops|Sugar crops|+|Sugar beet"
"145","Demand|Domestic Balanceflow|Crops|Sugar crops|+|Sugar cane"
"146","Demand|Domestic Balanceflow|Forest products|+|Industrial roundwood"
"147","Demand|Domestic Balanceflow|Forest products|+|Wood fuel"
"148","Demand|Domestic Balanceflow|Livestock products|+|Dairy"
"149","Demand|Domestic Balanceflow|Livestock products|+|Eggs"
"150","Demand|Domestic Balanceflow|Livestock products|+|Monogastric meat"
"151","Demand|Domestic Balanceflow|Livestock products|+|Poultry meat"
"152","Demand|Domestic Balanceflow|Livestock products|+|Ruminant meat"
"153","Demand|Domestic Balanceflow|Secondary products|+|Alcoholic beverages"
"154","Demand|Domestic Balanceflow|Secondary products|+|Brans"
"155","Demand|Domestic Balanceflow|Secondary products|+|Cotton lint"
"156","Demand|Domestic Balanceflow|Secondary products|+|Distillers grains"
"157","Demand|Domestic Balanceflow|Secondary products|+|Ethanol"
"158","Demand|Domestic Balanceflow|Secondary products|+|Microbial protein"
"159","Demand|Domestic Balanceflow|Secondary products|+|Molasses"
"160","Demand|Domestic Balanceflow|Secondary products|+|Oilcakes"
"161","Demand|Domestic Balanceflow|Secondary products|+|Oils"
"162","Demand|Domestic Balanceflow|Secondary products|+|Sugar"
"163","Demand|Feed|++|Feed for Aquaculture"
"164","Demand|Feed|++|Feed for Dairy"
"165","Demand|Feed|++|Feed for Eggs"
"166","Demand|Feed|++|Feed for Monogastric meat"
"167","Demand|Feed|++|Feed for Poultry meat"
"168","Demand|Feed|++|Feed for Ruminant meat"
"169","Demand|Feed|+|Bioenergy crops"
"170","Demand|Feed|+|Crop residues"
"171","Demand|Feed|+|Crops"
"172","Demand|Feed|+|Fish"
"173","Demand|Feed|+|Forage"
"174","Demand|Feed|+|Forest products"
"175","Demand|Feed|+|Livestock products"
"176","Demand|Feed|+|Pasture"
"177","Demand|Feed|+|Secondary products"
"178","Demand|Feed|Bioenergy crops|+|Short rotation grasses"
"179","Demand|Feed|Bioenergy crops|+|Short rotation trees"
"180","Demand|Feed|Crop residues|+|Non fibrous crop residues"
"181","Demand|Feed|Crop residues|+|Other fibrous crop residues"
"182","Demand|Feed|Crop residues|+|Straw"
"183","Demand|Feed|Crops|+|Cereals"
"184","Demand|Feed|Crops|+|Oil crops"
"185","Demand|Feed|Crops|+|Other crops"
"186","Demand|Feed|Crops|+|Sugar crops"
"187","Demand|Feed|Crops|Cereals|+|Maize"
"188","Demand|Feed|Crops|Cereals|+|Rice"
"189","Demand|Feed|Crops|Cereals|+|Temperate cereals"
"190","Demand|Feed|Crops|Cereals|+|Tropical cereals"
"191","Demand|Feed|Crops|Oil crops|+|Cotton seed"
"192","Demand|Feed|Crops|Oil crops|+|Groundnuts"
"193","Demand|Feed|Crops|Oil crops|+|Oilpalms"
"194","Demand|Feed|Crops|Oil crops|+|Other oil crops (incl rapeseed)"
"195","Demand|Feed|Crops|Oil crops|+|Soybean"
"196","Demand|Feed|Crops|Oil crops|+|Sunflower"
"197","Demand|Feed|Crops|Other crops|+|Fruits Vegetables Nuts"
"198","Demand|Feed|Crops|Other crops|+|Potatoes"
"199","Demand|Feed|Crops|Other crops|+|Pulses"
"200","Demand|Feed|Crops|Other crops|+|Tropical roots"
"201","Demand|Feed|Crops|Sugar crops|+|Sugar beet"
"202","Demand|Feed|Crops|Sugar crops|+|Sugar cane"
"203","Demand|Feed|Feed for Aquaculture|+|Bioenergy crops"
"204","Demand|Feed|Feed for Aquaculture|+|Crop residues"
"205","Demand|Feed|Feed for Aquaculture|+|Crops"
"206","Demand|Feed|Feed for Aquaculture|+|Fish"
"207","Demand|Feed|Feed for Aquaculture|+|Forage"
"208","Demand|Feed|Feed for Aquaculture|+|Forest products"
"209","Demand|Feed|Feed for Aquaculture|+|Livestock products"
"210","Demand|Feed|Feed for Aquaculture|+|Pasture"
"211","Demand|Feed|Feed for Aquaculture|+|Secondary products"
"212","Demand|Feed|Feed for Aquaculture|Bioenergy crops|+|Short rotation grasses"
"213","Demand|Feed|Feed for Aquaculture|Bioenergy crops|+|Short rotation trees"
"214","Demand|Feed|Feed for Aquaculture|Crop residues|+|Non fibrous crop residues"
"215","Demand|Feed|Feed for Aquaculture|Crop residues|+|Other fibrous crop residues"
"216","Demand|Feed|Feed for Aquaculture|Crop residues|+|Straw"
"217","Demand|Feed|Feed for Aquaculture|Crops|+|Cereals"
"218","Demand|Feed|Feed for Aquaculture|Crops|+|Oil crops"
"219","Demand|Feed|Feed for Aquaculture|Crops|+|Other crops"
"220","Demand|Feed|Feed for Aquaculture|Crops|+|Sugar crops"
"221","Demand|Feed|Feed for Aquaculture|Crops|Cereals|+|Maize"
"222","Demand|Feed|Feed for Aquaculture|Crops|Cereals|+|Rice"
"223","Demand|Feed|Feed for Aquaculture|Crops|Cereals|+|Temperate cereals"
"224","Demand|Feed|Feed for Aquaculture|Crops|Cereals|+|Tropical cereals"
"225","Demand|Feed|Feed for Aquaculture|Crops|Oil crops|+|Cotton seed"
"226","Demand|Feed|Feed for Aquaculture|Crops|Oil crops|+|Groundnuts"
"227","Demand|Feed|Feed for Aquaculture|Crops|Oil crops|+|Oilpalms"
"228","Demand|Feed|Feed for Aquaculture|Crops|Oil crops|+|Other oil crops (incl rapeseed)"
"229","Demand|Feed|Feed for Aquaculture|Crops|Oil crops|+|Soybean"
"230","Demand|Feed|Feed for Aquaculture|Crops|Oil crops|+|Sunflower"
"231","Demand|Feed|Feed for Aquaculture|Crops|Other crops|+|Fruits Vegetables Nuts"
"232","Demand|Feed|Feed for Aquaculture|Crops|Other crops|+|Potatoes"
"233","Demand|Feed|Feed for Aquaculture|Crops|Other crops|+|Pulses"
"234","Demand|Feed|Feed for Aquaculture|Crops|Other crops|+|Tropical roots"
"235","Demand|Feed|Feed for Aquaculture|Crops|Sugar crops|+|Sugar beet"
"236","Demand|Feed|Feed for Aquaculture|Crops|Sugar crops|+|Sugar cane"
"237","Demand|Feed|Feed for Aquaculture|Forest products|+|Industrial roundwood"
"238","Demand|Feed|Feed for Aquaculture|Forest products|+|Wood fuel"
"239","Demand|Feed|Feed for Aquaculture|Livestock products|+|Dairy"
"240","Demand|Feed|Feed for Aquaculture|Livestock products|+|Eggs"
"241","Demand|Feed|Feed for Aquaculture|Livestock products|+|Monogastric meat"
"242","Demand|Feed|Feed for Aquaculture|Livestock products|+|Poultry meat"
"243","Demand|Feed|Feed for Aquaculture|Livestock products|+|Ruminant meat"
"244","Demand|Feed|Feed for Aquaculture|Secondary products|+|Alcoholic beverages"
"245","Demand|Feed|Feed for Aquaculture|Secondary products|+|Brans"
"246","Demand|Feed|Feed for Aquaculture|Secondary products|+|Cotton lint"
"247","Demand|Feed|Feed for Aquaculture|Secondary products|+|Distillers grains"
"248","Demand|Feed|Feed for Aquaculture|Secondary products|+|Ethanol"
"249","Demand|Feed|Feed for Aquaculture|Secondary products|+|Microbial protein"
"250","Demand|Feed|Feed for Aquaculture|Secondary products|+|Molasses"
"251","Demand|Feed|Feed for Aquaculture|Secondary products|+|Oilcakes"
"252","Demand|Feed|Feed for Aquaculture|Secondary products|+|Oils"
"253","Demand|Feed|Feed for Aquaculture|Secondary products|+|Sugar"
"254","Demand|Feed|Feed for Dairy|+|Bioenergy crops"
"255","Demand|Feed|Feed for Dairy|+|Crop residues"
"256","Demand|Feed|Feed for Dairy|+|Crops"
"257","Demand|Feed|Feed for Dairy|+|Fish"
"258","Demand|Feed|Feed for Dairy|+|Forage"
"259","Demand|Feed|Feed for Dairy|+|Forest products"
"260","Demand|Feed|Feed for Dairy|+|Livestock products"
"261","Demand|Feed|Feed for Dairy|+|Pasture"
"262","Demand|Feed|Feed for Dairy|+|Secondary products"
"263","Demand|Feed|Feed for Dairy|Bioenergy crops|+|Short rotation grasses"
"264","Demand|Feed|Feed for Dairy|Bioenergy crops|+|Short rotation trees"
"265","Demand|Feed|Feed for Dairy|Crop residues|+|Non fibrous crop residues"
"266","Demand|Feed|Feed for Dairy|Crop residues|+|Other fibrous crop residues"
"267","Demand|Feed|Feed for Dairy|Crop residues|+|Straw"
"268","Demand|Feed|Feed for Dairy|Crops|+|Cereals"
"269","Demand|Feed|Feed for Dairy|Crops|+|Oil crops"
"270","Demand|Feed|Feed for Dairy|Crops|+|Other crops"
"271","Demand|Feed|Feed for Dairy|Crops|+|Sugar crops"
"272","Demand|Feed|Feed for Dairy|Crops|Cereals|+|Maize"
"273","Demand|Feed|Feed for Dairy|Crops|Cereals|+|Rice"
"274","Demand|Feed|Feed for Dairy|Crops|Cereals|+|Temperate cereals"
"275","Demand|Feed|Feed for Dairy|Crops|Cereals|+|Tropical cereals"
"276","Demand|Feed|Feed for Dairy|Crops|Oil crops|+|Cotton seed"
"277","Demand|Feed|Feed for Dairy|Crops|Oil crops|+|Groundnuts"
"278","Demand|Feed|Feed for Dairy|Crops|Oil crops|+|Oilpalms"
"279","Demand|Feed|Feed for Dairy|Crops|Oil crops|+|Other oil crops (incl rapeseed)"
"280","Demand|Feed|Feed for Dairy|Crops|Oil crops|+|Soybean"
"281","Demand|Feed|Feed for Dairy|Crops|Oil crops|+|Sunflower"
"282","Demand|Feed|Feed for Dairy|Crops|Other crops|+|Fruits Vegetables Nuts"
"283","Demand|Feed|Feed for Dairy|Crops|Other crops|+|Potatoes"
"284","Demand|Feed|Feed for Dairy|Crops|Other crops|+|Pulses"
"285","Demand|Feed|Feed for Dairy|Crops|Other crops|+|Tropical roots"
"286","Demand|Feed|Feed for Dairy|Crops|Sugar crops|+|Sugar beet"
"287","Demand|Feed|Feed for Dairy|Crops|Sugar crops|+|Sugar cane"
"288","Demand|Feed|Feed for Dairy|Forest products|+|Industrial roundwood"
"289","Demand|Feed|Feed for Dairy|Forest products|+|Wood fuel"
"290","Demand|Feed|Feed for Dairy|Livestock products|+|Dairy"
"291","Demand|Feed|Feed for Dairy|Livestock products|+|Eggs"
"292","Demand|Feed|Feed for Dairy|Livestock products|+|Monogastric meat"
"293","Demand|Feed|Feed for Dairy|Livestock products|+|Poultry meat"
"294","Demand|Feed|Feed for Dairy|Livestock products|+|Ruminant meat"
"295","Demand|Feed|Feed for Dairy|Secondary products|+|Alcoholic beverages"
"296","Demand|Feed|Feed for Dairy|Secondary products|+|Brans"
"297","Demand|Feed|Feed for Dairy|Secondary products|+|Cotton lint"
"298","Demand|Feed|Feed for Dairy|Secondary products|+|Distillers grains"
"299","Demand|Feed|Feed for Dairy|Secondary products|+|Ethanol"
"300","Demand|Feed|Feed for Dairy|Secondary products|+|Microbial protein"
"301","Demand|Feed|Feed for Dairy|Secondary products|+|Molasses"
"302","Demand|Feed|Feed for Dairy|Secondary products|+|Oilcakes"
"303","Demand|Feed|Feed for Dairy|Secondary products|+|Oils"
"304","Demand|Feed|Feed for Dairy|Secondary products|+|Sugar"
"305","Demand|Feed|Feed for Eggs|+|Bioenergy crops"
"306","Demand|Feed|Feed for Eggs|+|Crop residues"
"307","Demand|Feed|Feed for Eggs|+|Crops"
"308","Demand|Feed|Feed for Eggs|+|Fish"
"309","Demand|Feed|Feed for Eggs|+|Forage"
"310","Demand|Feed|Feed for Eggs|+|Forest products"
"311","Demand|Feed|Feed for Eggs|+|Livestock products"
"312","Demand|Feed|Feed for Eggs|+|Pasture"
"313","Demand|Feed|Feed for Eggs|+|Secondary products"
"314","Demand|Feed|Feed for Eggs|Bioenergy crops|+|Short rotation grasses"
"315","Demand|Feed|Feed for Eggs|Bioenergy crops|+|Short rotation trees"
"316","Demand|Feed|Feed for Eggs|Crop residues|+|Non fibrous crop residues"
"317","Demand|Feed|Feed for Eggs|Crop residues|+|Other fibrous crop residues"
"318","Demand|Feed|Feed for Eggs|Crop residues|+|Straw"
"319","Demand|Feed|Feed for Eggs|Crops|+|Cereals"
"320","Demand|Feed|Feed for Eggs|Crops|+|Oil crops"
"321","Demand|Feed|Feed for Eggs|Crops|+|Other crops"
"322","Demand|Feed|Feed for Eggs|Crops|+|Sugar crops"
"323","Demand|Feed|Feed for Eggs|Crops|Cereals|+|Maize"
"324","Demand|Feed|Feed for Eggs|Crops|Cereals|+|Rice"
"325","Demand|Feed|Feed for Eggs|Crops|Cereals|+|Temperate cereals"
"326","Demand|Feed|Feed for Eggs|Crops|Cereals|+|Tropical cereals"
"327","Demand|Feed|Feed for Eggs|Crops|Oil crops|+|Cotton seed"
"328","Demand|Feed|Feed for Eggs|Crops|Oil crops|+|Groundnuts"
"329","Demand|Feed|Feed for Eggs|Crops|Oil crops|+|Oilpalms"
"330","Demand|Feed|Feed for Eggs|Crops|Oil crops|+|Other oil crops (incl rapeseed)"
"331","Demand|Feed|Feed for Eggs|Crops|Oil crops|+|Soybean"
"332","Demand|Feed|Feed for Eggs|Crops|Oil crops|+|Sunflower"
"333","Demand|Feed|Feed for Eggs|Crops|Other crops|+|Fruits Vegetables Nuts"
"334","Demand|Feed|Feed for Eggs|Crops|Other crops|+|Potatoes"
"335","Demand|Feed|Feed for Eggs|Crops|Other crops|+|Pulses"
"336","Demand|Feed|Feed for Eggs|Crops|Other crops|+|Tropical roots"
"337","Demand|Feed|Feed for Eggs|Crops|Sugar crops|+|Sugar beet"
"338","Demand|Feed|Feed for Eggs|Crops|Sugar crops|+|Sugar cane"
"339","Demand|Feed|Feed for Eggs|Forest products|+|Industrial roundwood"
"340","Demand|Feed|Feed for Eggs|Forest products|+|Wood fuel"
"341","Demand|Feed|Feed for Eggs|Livestock products|+|Dairy"
"342","Demand|Feed|Feed for Eggs|Livestock products|+|Eggs"
"343","Demand|Feed|Feed for Eggs|Livestock products|+|Monogastric meat"
"344","Demand|Feed|Feed for Eggs|Livestock products|+|Poultry meat"
"345","Demand|Feed|Feed for Eggs|Livestock products|+|Ruminant meat"
"346","Demand|Feed|Feed for Eggs|Secondary products|+|Alcoholic beverages"
"347","Demand|Feed|Feed for Eggs|Secondary products|+|Brans"
"348","Demand|Feed|Feed for Eggs|Secondary products|+|Cotton lint"
"349","Demand|Feed|Feed for Eggs|Secondary products|+|Distillers grains"
"350","Demand|Feed|Feed for Eggs|Secondary products|+|Ethanol"
"351","Demand|Feed|Feed for Eggs|Secondary products|+|Microbial protein"
"352","Demand|Feed|Feed for Eggs|Secondary products|+|Molasses"
"353","Demand|Feed|Feed for Eggs|Secondary products|+|Oilcakes"
"354","Demand|Feed|Feed for Eggs|Secondary products|+|Oils"
"355","Demand|Feed|Feed for Eggs|Secondary products|+|Sugar"
"356","Demand|Feed|Feed for Monogastric meat|+|Bioenergy crops"
"357","Demand|Feed|Feed for Monogastric meat|+|Crop residues"
"358","Demand|Feed|Feed for Monogastric meat|+|Crops"
"359","Demand|Feed|Feed for Monogastric meat|+|Fish"
"360","Demand|Feed|Feed for Monogastric meat|+|Forage"
"361","Demand|Feed|Feed for Monogastric meat|+|Forest products"
"362","Demand|Feed|Feed for Monogastric meat|+|Livestock products"
"363","Demand|Feed|Feed for Monogastric meat|+|Pasture"
"364","Demand|Feed|Feed for Monogastric meat|+|Secondary products"
"365","Demand|Feed|Feed for Monogastric meat|Bioenergy crops|+|Short rotation grasses"
"366","Demand|Feed|Feed for Monogastric meat|Bioenergy crops|+|Short rotation trees"
"367","Demand|Feed|Feed for Monogastric meat|Crop residues|+|Non fibrous crop residues"
"368","Demand|Feed|Feed for Monogastric meat|Crop residues|+|Other fibrous crop residues"
"369","Demand|Feed|Feed for Monogastric meat|Crop residues|+|Straw"
"370","Demand|Feed|Feed for Monogastric meat|Crops|+|Cereals"
"371","Demand|Feed|Feed for Monogastric meat|Crops|+|Oil crops"
"372","Demand|Feed|Feed for Monogastric meat|Crops|+|Other crops"
"373","Demand|Feed|Feed for Monogastric meat|Crops|+|Sugar crops"
"374","Demand|Feed|Feed for Monogastric meat|Crops|Cereals|+|Maize"
"375","Demand|Feed|Feed for Monogastric meat|Crops|Cereals|+|Rice"
"376","Demand|Feed|Feed for Monogastric meat|Crops|Cereals|+|Temperate cereals"
"377","Demand|Feed|Feed for Monogastric meat|Crops|Cereals|+|Tropical cereals"
"378","Demand|Feed|Feed for Monogastric meat|Crops|Oil crops|+|Cotton seed"
"379","Demand|Feed|Feed for Monogastric meat|Crops|Oil crops|+|Groundnuts"
"380","Demand|Feed|Feed for Monogastric meat|Crops|Oil crops|+|Oilpalms"
"381","Demand|Feed|Feed for Monogastric meat|Crops|Oil crops|+|Other oil crops (incl rapeseed)"
"382","Demand|Feed|Feed for Monogastric meat|Crops|Oil crops|+|Soybean"
"383","Demand|Feed|Feed for Monogastric meat|Crops|Oil crops|+|Sunflower"
"384","Demand|Feed|Feed for Monogastric meat|Crops|Other crops|+|Fruits Vegetables Nuts"
"385","Demand|Feed|Feed for Monogastric meat|Crops|Other crops|+|Potatoes"
"386","Demand|Feed|Feed for Monogastric meat|Crops|Other crops|+|Pulses"
"387","Demand|Feed|Feed for Monogastric meat|Crops|Other crops|+|Tropical roots"
"388","Demand|Feed|Feed for Monogastric meat|Crops|Sugar crops|+|Sugar beet"
"389","Demand|Feed|Feed for Monogastric meat|Crops|Sugar crops|+|Sugar cane"
"390","Demand|Feed|Feed for Monogastric meat|Forest products|+|Industrial roundwood"
"391","Demand|Feed|Feed for Monogastric meat|Forest products|+|Wood fuel"
"392","Demand|Feed|Feed for Monogastric meat|Livestock products|+|Dairy"
"393","Demand|Feed|Feed for Monogastric meat|Livestock products|+|Eggs"
"394","Demand|Feed|Feed for Monogastric meat|Livestock products|+|Monogastric meat"
"395","Demand|Feed|Feed for Monogastric meat|Livestock products|+|Poultry meat"
"396","Demand|Feed|Feed for Monogastric meat|Livestock products|+|Ruminant meat"
"397","Demand|Feed|Feed for Monogastric meat|Secondary products|+|Alcoholic beverages"
"398","Demand|Feed|Feed for Monogastric meat|Secondary products|+|Brans"
"399","Demand|Feed|Feed for Monogastric meat|Secondary products|+|Cotton lint"
"400","Demand|Feed|Feed for Monogastric meat|Secondary products|+|Distillers grains"
"401","Demand|Feed|Feed for Monogastric meat|Secondary products|+|Ethanol"
"402","Demand|Feed|Feed for Monogastric meat|Secondary products|+|Microbial protein"
"403","Demand|Feed|Feed for Monogastric meat|Secondary products|+|Molasses"
"404","Demand|Feed|Feed for Monogastric meat|Secondary products|+|Oilcakes"
"405","Demand|Feed|Feed for Monogastric meat|Secondary products|+|Oils"
"406","Demand|Feed|Feed for Monogastric meat|Secondary products|+|Sugar"
"407","Demand|Feed|Feed for Poultry meat|+|Bioenergy crops"
"408","Demand|Feed|Feed for Poultry meat|+|Crop residues"
"409","Demand|Feed|Feed for Poultry meat|+|Crops"
"410","Demand|Feed|Feed for Poultry meat|+|Fish"
"411","Demand|Feed|Feed for Poultry meat|+|Forage"
"412","Demand|Feed|Feed for Poultry meat|+|Forest products"
"413","Demand|Feed|Feed for Poultry meat|+|Livestock products"
"414","Demand|Feed|Feed for Poultry meat|+|Pasture"
"415","Demand|Feed|Feed for Poultry meat|+|Secondary products"
"416","Demand|Feed|Feed for Poultry meat|Bioenergy crops|+|Short rotation grasses"
"417","Demand|Feed|Feed for Poultry meat|Bioenergy crops|+|Short rotation trees"
"418","Demand|Feed|Feed for Poultry meat|Crop residues|+|Non fibrous crop residues"
"419","Demand|Feed|Feed for Poultry meat|Crop residues|+|Other fibrous crop residues"
"420","Demand|Feed|Feed for Poultry meat|Crop residues|+|Straw"
"421","Demand|Feed|Feed for Poultry meat|Crops|+|Cereals"
"422","Demand|Feed|Feed for Poultry meat|Crops|+|Oil crops"
"423","Demand|Feed|Feed for Poultry meat|Crops|+|Other crops"
"424","Demand|Feed|Feed for Poultry meat|Crops|+|Sugar crops"
"425","Demand|Feed|Feed for Poultry meat|Crops|Cereals|+|Maize"
"426","Demand|Feed|Feed for Poultry meat|Crops|Cereals|+|Rice"
"427","Demand|Feed|Feed for Poultry meat|Crops|Cereals|+|Temperate cereals"
"428","Demand|Feed|Feed for Poultry meat|Crops|Cereals|+|Tropical cereals"
"429","Demand|Feed|Feed for Poultry meat|Crops|Oil crops|+|Cotton seed"
"430","Demand|Feed|Feed for Poultry meat|Crops|Oil crops|+|Groundnuts"
"431","Demand|Feed|Feed for Poultry meat|Crops|Oil crops|+|Oilpalms"
"432","Demand|Feed|Feed for Poultry meat|Crops|Oil crops|+|Other oil crops (incl rapeseed)"
"433","Demand|Feed|Feed for Poultry meat|Crops|Oil crops|+|Soybean"
"434","Demand|Feed|Feed for Poultry meat|Crops|Oil crops|+|Sunflower"
"435","Demand|Feed|Feed for Poultry meat|Crops|Other crops|+|Fruits Vegetables Nuts"
"436","Demand|Feed|Feed for Poultry meat|Crops|Other crops|+|Potatoes"
"437","Demand|Feed|Feed for Poultry meat|Crops|Other crops|+|Pulses"
"438","Demand|Feed|Feed for Poultry meat|Crops|Other crops|+|Tropical roots"
"439","Demand|Feed|Feed for Poultry meat|Crops|Sugar crops|+|Sugar beet"
"440","Demand|Feed|Feed for Poultry meat|Crops|Sugar crops|+|Sugar cane"
"441","Demand|Feed|Feed for Poultry meat|Forest products|+|Industrial roundwood"
"442","Demand|Feed|Feed for Poultry meat|Forest products|+|Wood fuel"
"443","Demand|Feed|Feed for Poultry meat|Livestock products|+|Dairy"
"444","Demand|Feed|Feed for Poultry meat|Livestock products|+|Eggs"
"445","Demand|Feed|Feed for Poultry meat|Livestock products|+|Monogastric meat"
"446","Demand|Feed|Feed for Poultry meat|Livestock products|+|Poultry meat"
"447","Demand|Feed|Feed for Poultry meat|Livestock products|+|Ruminant meat"
"448","Demand|Feed|Feed for Poultry meat|Secondary products|+|Alcoholic beverages"
"449","Demand|Feed|Feed for Poultry meat|Secondary products|+|Brans"
"450","Demand|Feed|Feed for Poultry meat|Secondary products|+|Cotton lint"
"451","Demand|Feed|Feed for Poultry meat|Secondary products|+|Distillers grains"
"452","Demand|Feed|Feed for Poultry meat|Secondary products|+|Ethanol"
"453","Demand|Feed|Feed for Poultry meat|Secondary products|+|Microbial protein"
"454","Demand|Feed|Feed for Poultry meat|Secondary products|+|Molasses"
"455","Demand|Feed|Feed for Poultry meat|Secondary products|+|Oilcakes"
"456","Demand|Feed|Feed for Poultry meat|Secondary products|+|Oils"
"457","Demand|Feed|Feed for Poultry meat|Secondary products|+|Sugar"
"458","Demand|Feed|Feed for Ruminant meat|+|Bioenergy crops"
"459","Demand|Feed|Feed for Ruminant meat|+|Crop residues"
"460","Demand|Feed|Feed for Ruminant meat|+|Crops"
"461","Demand|Feed|Feed for Ruminant meat|+|Fish"
"462","Demand|Feed|Feed for Ruminant meat|+|Forage"
"463","Demand|Feed|Feed for Ruminant meat|+|Forest products"
"464","Demand|Feed|Feed for Ruminant meat|+|Livestock products"
"465","Demand|Feed|Feed for Ruminant meat|+|Pasture"
"466","Demand|Feed|Feed for Ruminant meat|+|Secondary products"
"467","Demand|Feed|Feed for Ruminant meat|Bioenergy crops|+|Short rotation grasses"
"468","Demand|Feed|Feed for Ruminant meat|Bioenergy crops|+|Short rotation trees"
"469","Demand|Feed|Feed for Ruminant meat|Crop residues|+|Non fibrous crop residues"
"470","Demand|Feed|Feed for Ruminant meat|Crop residues|+|Other fibrous crop residues"
"471","Demand|Feed|Feed for Ruminant meat|Crop residues|+|Straw"
"472","Demand|Feed|Feed for Ruminant meat|Crops|+|Cereals"
"473","Demand|Feed|Feed for Ruminant meat|Crops|+|Oil crops"
"474","Demand|Feed|Feed for Ruminant meat|Crops|+|Other crops"
"475","Demand|Feed|Feed for Ruminant meat|Crops|+|Sugar crops"
"476","Demand|Feed|Feed for Ruminant meat|Crops|Cereals|+|Maize"
"477","Demand|Feed|Feed for Ruminant meat|Crops|Cereals|+|Rice"
"478","Demand|Feed|Feed for Ruminant meat|Crops|Cereals|+|Temperate cereals"
"479","Demand|Feed|Feed for Ruminant meat|Crops|Cereals|+|Tropical cereals"
"480","Demand|Feed|Feed for Ruminant meat|Crops|Oil crops|+|Cotton seed"
"481","Demand|Feed|Feed for Ruminant meat|Crops|Oil crops|+|Groundnuts"
"482","Demand|Feed|Feed for Ruminant meat|Crops|Oil crops|+|Oilpalms"
"483","Demand|Feed|Feed for Ruminant meat|Crops|Oil crops|+|Other oil crops (incl rapeseed)"
"484","Demand|Feed|Feed for Ruminant meat|Crops|Oil crops|+|Soybean"
"485","Demand|Feed|Feed for Ruminant meat|Crops|Oil crops|+|Sunflower"
"486","Demand|Feed|Feed for Ruminant meat|Crops|Other crops|+|Fruits Vegetables Nuts"
"487","Demand|Feed|Feed for Ruminant meat|Crops|Other crops|+|Potatoes"
"488","Demand|Feed|Feed for Ruminant meat|Crops|Other crops|+|Pulses"
"489","Demand|Feed|Feed for Ruminant meat|Crops|Other crops|+|Tropical roots"
"490","Demand|Feed|Feed for Ruminant meat|Crops|Sugar crops|+|Sugar beet"
"491","Demand|Feed|Feed for Ruminant meat|Crops|Sugar crops|+|Sugar cane"
"492","Demand|Feed|Feed for Ruminant meat|Forest products|+|Industrial roundwood"
"493","Demand|Feed|Feed for Ruminant meat|Forest products|+|Wood fuel"
"494","Demand|Feed|Feed for Ruminant meat|Livestock products|+|Dairy"
"495","Demand|Feed|Feed for Ruminant meat|Livestock products|+|Eggs"
"496","Demand|Feed|Feed for Ruminant meat|Livestock products|+|Monogastric meat"
"497","Demand|Feed|Feed for Ruminant meat|Livestock products|+|Poultry meat"
"498","Demand|Feed|Feed for Ruminant meat|Livestock products|+|Ruminant meat"
"499","Demand|Feed|Feed for Ruminant meat|Secondary products|+|Alcoholic beverages"
"500","Demand|Feed|Feed for Ruminant meat|Secondary products|+|Brans"
"501","Demand|Feed|Feed for Ruminant meat|Secondary products|+|Cotton lint"
"502","Demand|Feed|Feed for Ruminant meat|Secondary products|+|Distillers grains"
"503","Demand|Feed|Feed for Ruminant meat|Secondary products|+|Ethanol"
"504","Demand|Feed|Feed for Ruminant meat|Secondary products|+|Microbial protein"
"505","Demand|Feed|Feed for Ruminant meat|Secondary products|+|Molasses"
"506","Demand|Feed|Feed for Ruminant meat|Secondary products|+|Oilcakes"
"507","Demand|Feed|Feed for Ruminant meat|Secondary products|+|Oils"
"508","Demand|Feed|Feed for Ruminant meat|Secondary products|+|Sugar"
"509","Demand|Feed|Forest products|+|Industrial roundwood"
"510","Demand|Feed|Forest products|+|Wood fuel"
"511","Demand|Feed|Livestock products|+|Dairy"
"512","Demand|Feed|Livestock products|+|Eggs"
"513","Demand|Feed|Livestock products|+|Monogastric meat"
"514","Demand|Feed|Livestock products|+|Poultry meat"
"515","Demand|Feed|Livestock products|+|Ruminant meat"
"516","Demand|Feed|Secondary products|+|Alcoholic beverages"
"517","Demand|Feed|Secondary products|+|Brans"
"518","Demand|Feed|Secondary products|+|Cotton lint"
"519","Demand|Feed|Secondary products|+|Distillers grains"
"520","Demand|Feed|Secondary products|+|Ethanol"
"521","Demand|Feed|Secondary products|+|Microbial protein"
"522","Demand|Feed|Secondary products|+|Molasses"
"523","Demand|Feed|Secondary products|+|Oilcakes"
"524","Demand|Feed|Secondary products|+|Oils"
"525","Demand|Feed|Secondary products|+|Sugar"
"526","Demand|Food|+|Bioenergy crops"
"527","Demand|Food|+|Crop residues"
"528","Demand|Food|+|Crops"
"529","Demand|Food|+|Fish"
"530","Demand|Food|+|Forage"
"531","Demand|Food|+|Forest products"
"532","Demand|Food|+|Livestock products"
"533","Demand|Food|+|Pasture"
"534","Demand|Food|+|Secondary products"
"535","Demand|Food|Bioenergy crops|+|Short rotation grasses"
"536","Demand|Food|Bioenergy crops|+|Short rotation trees"
"537","Demand|Food|Crop residues|+|Non fibrous crop residues"
"538","Demand|Food|Crop residues|+|Other fibrous crop residues"
"539","Demand|Food|Crop residues|+|Straw"
"540","Demand|Food|Crops|+|Cereals"
"541","Demand|Food|Crops|+|Oil crops"
"542","Demand|Food|Crops|+|Other crops"
"543","Demand|Food|Crops|+|Sugar crops"
"544","Demand|Food|Crops|Cereals|+|Maize"
"545","Demand|Food|Crops|Cereals|+|Rice"
"546","Demand|Food|Crops|Cereals|+|Temperate cereals"
"547","Demand|Food|Crops|Cereals|+|Tropical cereals"
"548","Demand|Food|Crops|Oil crops|+|Cotton seed"
"549","Demand|Food|Crops|Oil crops|+|Groundnuts"
"550","Demand|Food|Crops|Oil crops|+|Oilpalms"
"551","Demand|Food|Crops|Oil crops|+|Other oil crops (incl rapeseed)"
"552","Demand|Food|Crops|Oil crops|+|Soybean"
"553","Demand|Food|Crops|Oil crops|+|Sunflower"
"554","Demand|Food|Crops|Other crops|+|Fruits Vegetables Nuts"
"555","Demand|Food|Crops|Other crops|+|Potatoes"
"556","Demand|Food|Crops|Other crops|+|Pulses"
"557","Demand|Food|Crops|Other crops|+|Tropical roots"
"558","Demand|Food|Crops|Sugar crops|+|Sugar beet"
"559","Demand|Food|Crops|Sugar crops|+|Sugar cane"
"560","Demand|Food|Forest products|+|Industrial roundwood"
"561","Demand|Food|Forest products|+|Wood fuel"
"562","Demand|Food|Livestock products|+|Dairy"
"563","Demand|Food|Livestock products|+|Eggs"
"564","Demand|Food|Livestock products|+|Monogastric meat"
"565","Demand|Food|Livestock products|+|Poultry meat"
"566","Demand|Food|Livestock products|+|Ruminant meat"
"567","Demand|Food|Secondary products|+|Alcoholic beverages"
"568","Demand|Food|Secondary products|+|Brans"
"569","Demand|Food|Secondary products|+|Cotton lint"
"570","Demand|Food|Secondary products|+|Distillers grains"
"571","Demand|Food|Secondary products|+|Ethanol"
"572","Demand|Food|Secondary products|+|Microbial protein"
"573","Demand|Food|Secondary products|+|Molasses"
"574","Demand|Food|Secondary products|+|Oilcakes"
"575","Demand|Food|Secondary products|+|Oils"
"576","Demand|Food|Secondary products|+|Sugar"
"577","Demand|Material|+|Bioenergy crops"
"578","Demand|Material|+|Crop residues"
"579","Demand|Material|+|Crops"
"580","Demand|Material|+|Fish"
"581","Demand|Material|+|Forage"
"582","Demand|Material|+|Forest products"
"583","Demand|Material|+|Livestock products"
"584","Demand|Material|+|Pasture"
"585","Demand|Material|+|Secondary products"
"586","Demand|Material|Bioenergy crops|+|Short rotation grasses"
"587","Demand|Material|Bioenergy crops|+|Short rotation trees"
"588","Demand|Material|Crop residues|+|Non fibrous crop residues"
"589","Demand|Material|Crop residues|+|Other fibrous crop residues"
"590","Demand|Material|Crop residues|+|Straw"
"591","Demand|Material|Crops|+|Cereals"
"592","Demand|Material|Crops|+|Oil crops"
"593","Demand|Material|Crops|+|Other crops"
"594","Demand|Material|Crops|+|Sugar crops"
"595","Demand|Material|Crops|Cereals|+|Maize"
"596","Demand|Material|Crops|Cereals|+|Rice"
"597","Demand|Material|Crops|Cereals|+|Temperate cereals"
"598","Demand|Material|Crops|Cereals|+|Tropical cereals"
"599","Demand|Material|Crops|Oil crops|+|Cotton seed"
"600","Demand|Material|Crops|Oil crops|+|Groundnuts"
"601","Demand|Material|Crops|Oil crops|+|Oilpalms"
"602","Demand|Material|Crops|Oil crops|+|Other oil crops (incl rapeseed)"
"603","Demand|Material|Crops|Oil crops|+|Soybean"
"604","Demand|Material|Crops|Oil crops|+|Sunflower"
"605","Demand|Material|Crops|Other crops|+|Fruits Vegetables Nuts"
"606","Demand|Material|Crops|Other crops|+|Potatoes"
"607","Demand|Material|Crops|Other crops|+|Pulses"
"608","Demand|Material|Crops|Other crops|+|Tropical roots"
"609","Demand|Material|Crops|Sugar crops|+|Sugar beet"
"610","Demand|Material|Crops|Sugar crops|+|Sugar cane"
"611","Demand|Material|Forest products|+|Industrial roundwood"
"612","Demand|Material|Forest products|+|Wood fuel"
"613","Demand|Material|Livestock products|+|Dairy"
"614","Demand|Material|Livestock products|+|Eggs"
"615","Demand|Material|Livestock products|+|Monogastric meat"
"616","Demand|Material|Livestock products|+|Poultry meat"
"617","Demand|Material|Livestock products|+|Ruminant meat"
"618","Demand|Material|Secondary products|+|Alcoholic beverages"
"619","Demand|Material|Secondary products|+|Brans"
"620","Demand|Material|Secondary products|+|Cotton lint"
"621","Demand|Material|Secondary products|+|Distillers grains"
"622","Demand|Material|Secondary products|+|Ethanol"
"623","Demand|Material|Secondary products|+|Microbial protein"
"624","Demand|Material|Secondary products|+|Molasses"
"625","Demand|Material|Secondary products|+|Oilcakes"
"626","Demand|Material|Secondary products|+|Oils"
"627","Demand|Material|Secondary products|+|Sugar"
"628","Demand|Processing|++|Distiilling"
"629","Demand|Processing|++|Extracting"
"630","Demand|Processing|++|Fermentation"
"631","Demand|Processing|++|Refining"
"632","Demand|Processing|+|Bioenergy crops"
"633","Demand|Processing|+|Crop residues"
"634","Demand|Processing|+|Crops"
"635","Demand|Processing|+|Fish"
"636","Demand|Processing|+|Forage"
"637","Demand|Processing|+|Forest products"
"638","Demand|Processing|+|Livestock products"
"639","Demand|Processing|+|Pasture"
"640","Demand|Processing|+|Secondary products"
"641","Demand|Processing|Bioenergy crops|+|Short rotation grasses"
"642","Demand|Processing|Bioenergy crops|+|Short rotation trees"
"643","Demand|Processing|Crop residues|+|Non fibrous crop residues"
"644","Demand|Processing|Crop residues|+|Other fibrous crop residues"
"645","Demand|Processing|Crop residues|+|Straw"
"646","Demand|Processing|Crops|+|Cereals"
"647","Demand|Processing|Crops|+|Oil crops"
"648","Demand|Processing|Crops|+|Other crops"
"649","Demand|Processing|Crops|+|Sugar crops"
"650","Demand|Processing|Crops|Cereals|+|Maize"
"651","Demand|Processing|Crops|Cereals|+|Rice"
"652","Demand|Processing|Crops|Cereals|+|Temperate cereals"
"653","Demand|Processing|Crops|Cereals|+|Tropical cereals"
"654","Demand|Processing|Crops|Oil crops|+|Cotton seed"
"655","Demand|Processing|Crops|Oil crops|+|Groundnuts"
"656","Demand|Processing|Crops|Oil crops|+|Oilpalms"
"657","Demand|Processing|Crops|Oil crops|+|Other oil crops (incl rapeseed)"
"658","Demand|Processing|Crops|Oil crops|+|Soybean"
"659","Demand|Processing|Crops|Oil crops|+|Sunflower"
"660","Demand|Processing|Crops|Other crops|+|Fruits Vegetables Nuts"
"661","Demand|Processing|Crops|Other crops|+|Potatoes"
"662","Demand|Processing|Crops|Other crops|+|Pulses"
"663","Demand|Processing|Crops|Other crops|+|Tropical roots"
"664","Demand|Processing|Crops|Sugar crops|+|Sugar beet"
"665","Demand|Processing|Crops|Sugar crops|+|Sugar cane"
"666","Demand|Processing|Distiilling|+|Crops"
"667","Demand|Processing|Distiilling|Crops|+|Cereals"
"668","Demand|Processing|Distiilling|Crops|+|Sugar crops"
"669","Demand|Processing|Distiilling|Crops|Cereals|+|Maize"
"670","Demand|Processing|Distiilling|Crops|Cereals|+|Temperate cereals"
"671","Demand|Processing|Distiilling|Crops|Sugar crops|+|Sugar cane"
"672","Demand|Processing|Extracting|+|Crops"
"673","Demand|Processing|Extracting|Crops|+|Oil crops"
"674","Demand|Processing|Extracting|Crops|Oil crops|+|Cotton seed"
"675","Demand|Processing|Extracting|Crops|Oil crops|+|Groundnuts"
"676","Demand|Processing|Extracting|Crops|Oil crops|+|Oilpalms"
"677","Demand|Processing|Extracting|Crops|Oil crops|+|Other oil crops (incl rapeseed)"
"678","Demand|Processing|Extracting|Crops|Oil crops|+|Soybean"
"679","Demand|Processing|Extracting|Crops|Oil crops|+|Sunflower"
"680","Demand|Processing|Fermentation|+|Crops"
"681","Demand|Processing|Fermentation|+|Secondary products"
"682","Demand|Processing|Fermentation|Crops|+|Cereals"
"683","Demand|Processing|Fermentation|Crops|+|Other crops"
"684","Demand|Processing|Fermentation|Crops|Cereals|+|Rice"
"685","Demand|Processing|Fermentation|Crops|Cereals|+|Temperate cereals"
"686","Demand|Processing|Fermentation|Crops|Cereals|+|Tropical cereals"
"687","Demand|Processing|Fermentation|Crops|Other crops|+|Fruits Vegetables Nuts"
"688","Demand|Processing|Fermentation|Crops|Other crops|+|Potatoes"
"689","Demand|Processing|Fermentation|Crops|Other crops|+|Tropical roots"
"690","Demand|Processing|Fermentation|Secondary products|+|Brans"
"691","Demand|Processing|Fermentation|Secondary products|+|Molasses"
"692","Demand|Processing|Fermentation|Secondary products|+|Sugar"
"693","Demand|Processing|Forest products|+|Industrial roundwood"
"694","Demand|Processing|Forest products|+|Wood fuel"
"695","Demand|Processing|Livestock products|+|Dairy"
"696","Demand|Processing|Livestock products|+|Eggs"
"697","Demand|Processing|Livestock products|+|Monogastric meat"
"698","Demand|Processing|Livestock products|+|Poultry meat"
"699","Demand|Processing|Livestock products|+|Ruminant meat"
"700","Demand|Processing|Refining|+|Crops"
"701","Demand|Processing|Refining|Crops|+|Cereals"
"702","Demand|Processing|Refining|Crops|+|Sugar crops"
"703","Demand|Processing|Refining|Crops|Cereals|+|Maize"
"704","Demand|Processing|Refining|Crops|Sugar crops|+|Sugar beet"
"705","Demand|Processing|Refining|Crops|Sugar crops|+|Sugar cane"
"706","Demand|Processing|Secondary products|+|Alcoholic beverages"
"707","Demand|Processing|Secondary products|+|Brans"
"708","Demand|Processing|Secondary products|+|Cotton lint"
"709","Demand|Processing|Secondary products|+|Distillers grains"
"710","Demand|Processing|Secondary products|+|Ethanol"
"711","Demand|Processing|Secondary products|+|Microbial protein"
"712","Demand|Processing|Secondary products|+|Molasses"
"713","Demand|Processing|Secondary products|+|Oilcakes"
"714","Demand|Processing|Secondary products|+|Oils"
"715","Demand|Processing|Secondary products|+|Sugar"
"716","Demand|Seed|+|Bioenergy crops"
"717","Demand|Seed|+|Crop residues"
"718","Demand|Seed|+|Crops"
"719","Demand|Seed|+|Fish"
"720","Demand|Seed|+|Forage"
"721","Demand|Seed|+|Forest products"
"722","Demand|Seed|+|Livestock products"
"723","Demand|Seed|+|Pasture"
"724","Demand|Seed|+|Secondary products"
"725","Demand|Seed|Bioenergy crops|+|Short rotation grasses"
"726","Demand|Seed|Bioenergy crops|+|Short rotation trees"
"727","Demand|Seed|Crop residues|+|Non fibrous crop residues"
"728","Demand|Seed|Crop residues|+|Other fibrous crop residues"
"729","Demand|Seed|Crop residues|+|Straw"
"730","Demand|Seed|Crops|+|Cereals"
"731","Demand|Seed|Crops|+|Oil crops"
"732","Demand|Seed|Crops|+|Other crops"
"733","Demand|Seed|Crops|+|Sugar crops"
"734","Demand|Seed|Crops|Cereals|+|Maize"
"735","Demand|Seed|Crops|Cereals|+|Rice"
"736","Demand|Seed|Crops|Cereals|+|Temperate cereals"
"737","Demand|Seed|Crops|Cereals|+|Tropical cereals"
"738","Demand|Seed|Crops|Oil crops|+|Cotton seed"
"739","Demand|Seed|Crops|Oil crops|+|Groundnuts"
"740","Demand|Seed|Crops|Oil crops|+|Oilpalms"
"741","Demand|Seed|Crops|Oil crops|+|Other oil crops (incl rapeseed)"
"742","Demand|Seed|Crops|Oil crops|+|Soybean"
"743","Demand|Seed|Crops|Oil crops|+|Sunflower"
"744","Demand|Seed|Crops|Other crops|+|Fruits Vegetables Nuts"
"745","Demand|Seed|Crops|Other crops|+|Potatoes"
"746","Demand|Seed|Crops|Other crops|+|Pulses"
"747","Demand|Seed|Crops|Other crops|+|Tropical roots"
"748","Demand|Seed|Crops|Sugar crops|+|Sugar beet"
"749","Demand|Seed|Crops|Sugar crops|+|Sugar cane"
"750","Demand|Seed|Forest products|+|Industrial roundwood"
"751","Demand|Seed|Forest products|+|Wood fuel"
"752","Demand|Seed|Livestock products|+|Dairy"
"753","Demand|Seed|Livestock products|+|Eggs"
"754","Demand|Seed|Livestock products|+|Monogastric meat"
"755","Demand|Seed|Livestock products|+|Poultry meat"
"756","Demand|Seed|Livestock products|+|Ruminant meat"
"757","Demand|Seed|Secondary products|+|Alcoholic beverages"
"758","Demand|Seed|Secondary products|+|Brans"
"759","Demand|Seed|Secondary products|+|Cotton lint"
"760","Demand|Seed|Secondary products|+|Distillers grains"
"761","Demand|Seed|Secondary products|+|Ethanol"
"762","Demand|Seed|Secondary products|+|Microbial protein"
"763","Demand|Seed|Secondary products|+|Molasses"
"764","Demand|Seed|Secondary products|+|Oilcakes"
"765","Demand|Seed|Secondary products|+|Oils"
"766","Demand|Seed|Secondary products|+|Sugar"
"767","Emissions|BC|Land|"
"768","Emissions|BC|Land|+|Agriculture"
"769","Emissions|BC|Land|+|Biomass Burning"
"770","Emissions|BC|Land|Agriculture|+|Agricultural Soils"
"771","Emissions|BC|Land|Agriculture|+|Animal Waste Management"
"772","Emissions|BC|Land|Agriculture|+|Enteric Fermentation"
"773","Emissions|BC|Land|Agriculture|+|Other"
"774","Emissions|BC|Land|Agriculture|+|Rice"
"775","Emissions|BC|Land|Biomass Burning|+|Agricultural Waste Burning"
"776","Emissions|BC|Land|Biomass Burning|+|Deforestation Fires"
"777","Emissions|BC|Land|Biomass Burning|+|Forest Fires"
"778","Emissions|BC|Land|Biomass Burning|+|Peat Fires"
"779","Emissions|BC|Land|Biomass Burning|+|Savannah Fires"
"780","Emissions|CH4|Land|+|Agriculture"
"781","Emissions|CH4|Land|+|Land-use Change"
"782","Emissions|CH4|Land|Agriculture"
"783","Emissions|CH4|Land|Agriculture|+|Animal waste management"
"784","Emissions|CH4|Land|Agriculture|+|Enteric Fermentation"
"785","Emissions|CH4|Land|Agriculture|+|Rice"
"786","Emissions|CO|Land|"
"787","Emissions|CO|Land|+|Agriculture"
"788","Emissions|CO|Land|+|Biomass Burning"
"789","Emissions|CO|Land|Agriculture|+|Agricultural Soils"
"790","Emissions|CO|Land|Agriculture|+|Animal Waste Management"
"791","Emissions|CO|Land|Agriculture|+|Enteric Fermentation"
"792","Emissions|CO|Land|Agriculture|+|Other"
"793","Emissions|CO|Land|Agriculture|+|Rice"
"794","Emissions|CO|Land|Biomass Burning|+|Agricultural Waste Burning"
"795","Emissions|CO|Land|Biomass Burning|+|Deforestation Fires"
"796","Emissions|CO|Land|Biomass Burning|+|Forest Fires"
"797","Emissions|CO|Land|Biomass Burning|+|Peat Fires"
"798","Emissions|CO|Land|Biomass Burning|+|Savannah Fires"
"799","Emissions|CO2|Land|+|Agriculture"
"800","Emissions|CO2|Land|+|Land Use Change"
"801","Emissions|CO2|Land|+|Land-use Change"
"802","Emissions|N2O|Agriculture"
"803","Emissions|N2O|Agriculture|+|Agricultural Soils"
"804","Emissions|N2O|Agriculture|+|Animal waste management"
"805","Emissions|N2O|Agriculture|Agricultural Soils|+|Decay of crop residues"
"806","Emissions|N2O|Agriculture|Agricultural Soils|+|Inorganic Fertilizers"
"807","Emissions|N2O|Agriculture|Agricultural Soils|+|Manure applied to Croplands"
"808","Emissions|N2O|Agriculture|Agricultural Soils|+|Pasture"
"809","Emissions|N2O|Agriculture|Agricultural Soils|+|Soil organic matter loss"
"810","Emissions|N2O|Land|+|Agriculture"
"811","Emissions|N2O|Land|+|Land-use Change"
"812","Emissions|N2O|Land|Agriculture"
"813","Emissions|N2O|Land|Agriculture|+|Agricultural Soils"
"814","Emissions|N2O|Land|Agriculture|+|Animal Waste Management"
"815","Emissions|N2O|Land|Agriculture|Agricultural Soils|+|Decay of Crop Residues"
"816","Emissions|N2O|Land|Agriculture|Agricultural Soils|+|Inorganic Fertilizers"
"817","Emissions|N2O|Land|Agriculture|Agricultural Soils|+|Manure applied to Croplands"
"818","Emissions|N2O|Land|Agriculture|Agricultural Soils|+|Pasture"
"819","Emissions|N2O|Land|Agriculture|Agricultural Soils|+|Soil Organic Matter Loss"
"820","Emissions|N2O|Land|Land Use Change"
"821","Emissions|NH3-N|Land|"
"822","Emissions|NH3-N|Land|+|Agriculture"
"823","Emissions|NH3-N|Land|+|Biomass Burning"
"824","Emissions|NH3-N|Land|Agriculture|+|Agricultural Soils"
"825","Emissions|NH3-N|Land|Agriculture|+|Animal Waste Management"
"826","Emissions|NH3-N|Land|Agriculture|+|Enteric Fermentation"
"827","Emissions|NH3-N|Land|Agriculture|+|Other"
"828","Emissions|NH3-N|Land|Agriculture|+|Rice"
"829","Emissions|NH3-N|Land|Biomass Burning|+|Agricultural Waste Burning"
"830","Emissions|NH3-N|Land|Biomass Burning|+|Deforestation Fires"
"831","Emissions|NH3-N|Land|Biomass Burning|+|Forest Fires"
"832","Emissions|NH3-N|Land|Biomass Burning|+|Peat Fires"
"833","Emissions|NH3-N|Land|Biomass Burning|+|Savannah Fires"
"834","Emissions|NH3|Land|"
"835","Emissions|NH3|Land|+|Agriculture"
"836","Emissions|NH3|Land|+|Biomass Burning"
"837","Emissions|NH3|Land|Agriculture"
"838","Emissions|NH3|Land|Agriculture|+|Agricultural Soils"
"839","Emissions|NH3|Land|Agriculture|+|Animal Waste Management"
"840","Emissions|NH3|Land|Agriculture|+|Enteric Fermentation"
"841","Emissions|NH3|Land|Agriculture|+|Other"
"842","Emissions|NH3|Land|Agriculture|+|Rice"
"843","Emissions|NH3|Land|Agriculture|Agricultural Soils|+|Decay of Crop Residues"
"844","Emissions|NH3|Land|Agriculture|Agricultural Soils|+|Inorganic Fertilizers"
"845","Emissions|NH3|Land|Agriculture|Agricultural Soils|+|Manure applied to Croplands"
"846","Emissions|NH3|Land|Agriculture|Agricultural Soils|+|Pasture"
"847","Emissions|NH3|Land|Agriculture|Agricultural Soils|+|Soil Organic Matter Loss"
"848","Emissions|NH3|Land|Biomass Burning|+|Agricultural Waste Burning"
"849","Emissions|NH3|Land|Biomass Burning|+|Deforestation Fires"
"850","Emissions|NH3|Land|Biomass Burning|+|Forest Fires"
"851","Emissions|NH3|Land|Biomass Burning|+|Peat Fires"
"852","Emissions|NH3|Land|Biomass Burning|+|Savannah Fires"
"853","Emissions|NH3|Land|Land Use Change"
"854","Emissions|NMHC|Land|"
"855","Emissions|NMHC|Land|+|Agriculture"
"856","Emissions|NMHC|Land|+|Biomass Burning"
"857","Emissions|NMHC|Land|Agriculture|+|Agricultural Soils"
"858","Emissions|NMHC|Land|Agriculture|+|Animal Waste Management"
"859","Emissions|NMHC|Land|Agriculture|+|Enteric Fermentation"
"860","Emissions|NMHC|Land|Agriculture|+|Other"
"861","Emissions|NMHC|Land|Agriculture|+|Rice"
"862","Emissions|NMHC|Land|Biomass Burning|+|Agricultural Waste Burning"
"863","Emissions|NMHC|Land|Biomass Burning|+|Deforestation Fires"
"864","Emissions|NMHC|Land|Biomass Burning|+|Forest Fires"
"865","Emissions|NMHC|Land|Biomass Burning|+|Peat Fires"
"866","Emissions|NMHC|Land|Biomass Burning|+|Savannah Fires"
"867","Emissions|NO2-N|Land|"
"868","Emissions|NO2-N|Land|+|Agriculture"
"869","Emissions|NO2-N|Land|+|Biomass Burning"
"870","Emissions|NO2-N|Land|Agriculture|+|Agricultural Soils"
"871","Emissions|NO2-N|Land|Agriculture|+|Animal Waste Management"
"872","Emissions|NO2-N|Land|Agriculture|+|Enteric Fermentation"
"873","Emissions|NO2-N|Land|Agriculture|+|Other"
"874","Emissions|NO2-N|Land|Agriculture|+|Rice"
"875","Emissions|NO2-N|Land|Biomass Burning|+|Agricultural Waste Burning"
"876","Emissions|NO2-N|Land|Biomass Burning|+|Deforestation Fires"
"877","Emissions|NO2-N|Land|Biomass Burning|+|Forest Fires"
"878","Emissions|NO2-N|Land|Biomass Burning|+|Peat Fires"
"879","Emissions|NO2-N|Land|Biomass Burning|+|Savannah Fires"
"880","Emissions|NO2|Land|"
"881","Emissions|NO2|Land|+|Agriculture"
"882","Emissions|NO2|Land|+|Biomass Burning"
"883","Emissions|NO2|Land|Agriculture"
"884","Emissions|NO2|Land|Agriculture|+|Agricultural Soils"
"885","Emissions|NO2|Land|Agriculture|+|Animal Waste Management"
"886","Emissions|NO2|Land|Agriculture|+|Enteric Fermentation"
"887","Emissions|NO2|Land|Agriculture|+|Other"
"888","Emissions|NO2|Land|Agriculture|+|Rice"
"889","Emissions|NO2|Land|Agriculture|Agricultural Soils|+|Decay of Crop Residues"
"890","Emissions|NO2|Land|Agriculture|Agricultural Soils|+|Inorganic Fertilizers"
"891","Emissions|NO2|Land|Agriculture|Agricultural Soils|+|Manure applied to Croplands"
"892","Emissions|NO2|Land|Agriculture|Agricultural Soils|+|Pasture"
"893","Emissions|NO2|Land|Agriculture|Agricultural Soils|+|Soil Organic Matter Loss"
"894","Emissions|NO2|Land|Biomass Burning|+|Agricultural Waste Burning"
"895","Emissions|NO2|Land|Biomass Burning|+|Deforestation Fires"
"896","Emissions|NO2|Land|Biomass Burning|+|Forest Fires"
"897","Emissions|NO2|Land|Biomass Burning|+|Peat Fires"
"898","Emissions|NO2|Land|Biomass Burning|+|Savannah Fires"
"899","Emissions|NO2|Land|Land Use Change"
"900","Emissions|NO3-|Land|"
"901","Emissions|NO3-|Land|+|Agriculture"
"902","Emissions|NO3-|Land|+|Biomass Burning"
"903","Emissions|NO3-|Land|Agriculture"
"904","Emissions|NO3-|Land|Agriculture|+|Agricultural Soils"
"905","Emissions|NO3-|Land|Agriculture|+|Animal Waste Management"
"906","Emissions|NO3-|Land|Agriculture|+|Enteric Fermentation"
"907","Emissions|NO3-|Land|Agriculture|+|Other"
"908","Emissions|NO3-|Land|Agriculture|+|Rice"
"909","Emissions|NO3-|Land|Agriculture|Agricultural Soils|+|Decay of Crop Residues"
"910","Emissions|NO3-|Land|Agriculture|Agricultural Soils|+|Inorganic Fertilizers"
"911","Emissions|NO3-|Land|Agriculture|Agricultural Soils|+|Manure applied to Croplands"
"912","Emissions|NO3-|Land|Agriculture|Agricultural Soils|+|Pasture"
"913","Emissions|NO3-|Land|Agriculture|Agricultural Soils|+|Soil Organic Matter Loss"
"914","Emissions|NO3-|Land|Biomass Burning|+|Agricultural Waste Burning"
"915","Emissions|NO3-|Land|Biomass Burning|+|Deforestation Fires"
"916","Emissions|NO3-|Land|Biomass Burning|+|Forest Fires"
"917","Emissions|NO3-|Land|Biomass Burning|+|Peat Fires"
"918","Emissions|NO3-|Land|Biomass Burning|+|Savannah Fires"
"919","Emissions|NO3-|Land|Land Use Change"
"920","Emissions|NO3-N|Land|"
"921","Emissions|NO3-N|Land|+|Agriculture"
"922","Emissions|NO3-N|Land|+|Biomass Burning"
"923","Emissions|NO3-N|Land|Agriculture|+|Agricultural Soils"
"924","Emissions|NO3-N|Land|Agriculture|+|Animal Waste Management"
"925","Emissions|NO3-N|Land|Agriculture|+|Enteric Fermentation"
"926","Emissions|NO3-N|Land|Agriculture|+|Other"
"927","Emissions|NO3-N|Land|Agriculture|+|Rice"
"928","Emissions|NO3-N|Land|Biomass Burning|+|Agricultural Waste Burning"
"929","Emissions|NO3-N|Land|Biomass Burning|+|Deforestation Fires"
"930","Emissions|NO3-N|Land|Biomass Burning|+|Forest Fires"
"931","Emissions|NO3-N|Land|Biomass Burning|+|Peat Fires"
"932","Emissions|NO3-N|Land|Biomass Burning|+|Savannah Fires"
"933","Emissions|OC|Land|"
"934","Emissions|OC|Land|+|Agriculture"
"935","Emissions|OC|Land|+|Biomass Burning"
"936","Emissions|OC|Land|Agriculture|+|Agricultural Soils"
"937","Emissions|OC|Land|Agriculture|+|Animal Waste Management"
"938","Emissions|OC|Land|Agriculture|+|Enteric Fermentation"
"939","Emissions|OC|Land|Agriculture|+|Other"
"940","Emissions|OC|Land|Agriculture|+|Rice"
"941","Emissions|OC|Land|Biomass Burning|+|Agricultural Waste Burning"
"942","Emissions|OC|Land|Biomass Burning|+|Deforestation Fires"
"943","Emissions|OC|Land|Biomass Burning|+|Forest Fires"
"944","Emissions|OC|Land|Biomass Burning|+|Peat Fires"
"945","Emissions|OC|Land|Biomass Burning|+|Savannah Fires"
"946","Emissions|SO2|Land|"
"947","Emissions|SO2|Land|+|Agriculture"
"948","Emissions|SO2|Land|+|Biomass Burning"
"949","Emissions|SO2|Land|Agriculture|+|Agricultural Soils"
"950","Emissions|SO2|Land|Agriculture|+|Animal Waste Management"
"951","Emissions|SO2|Land|Agriculture|+|Enteric Fermentation"
"952","Emissions|SO2|Land|Agriculture|+|Other"
"953","Emissions|SO2|Land|Agriculture|+|Rice"
"954","Emissions|SO2|Land|Biomass Burning|+|Agricultural Waste Burning"
"955","Emissions|SO2|Land|Biomass Burning|+|Deforestation Fires"
"956","Emissions|SO2|Land|Biomass Burning|+|Forest Fires"
"957","Emissions|SO2|Land|Biomass Burning|+|Peat Fires"
"958","Emissions|SO2|Land|Biomass Burning|+|Savannah Fires"
"959","Household Expenditure|Food|Expenditure"
"960","Household Expenditure|Food|Expenditure Share"
"961","Household Expenditure|Food|Expenditure Share|Crops"
"962","Household Expenditure|Food|Expenditure Share|Crops|Cereals"
"963","Household Expenditure|Food|Expenditure Share|Crops|Oil crops"
"964","Household Expenditure|Food|Expenditure Share|Crops|Other crops"
"965","Household Expenditure|Food|Expenditure Share|Crops|Sugar crops"
"966","Household Expenditure|Food|Expenditure Share|Fish"
"967","Household Expenditure|Food|Expenditure Share|Livestock products"
"968","Household Expenditure|Food|Expenditure Share|Secondary products"
"969","Household Expenditure|Food|Expenditure|Crops"
"970","Household Expenditure|Food|Expenditure|Crops|Cereals"
"971","Household Expenditure|Food|Expenditure|Crops|Oil crops"
"972","Household Expenditure|Food|Expenditure|Crops|Other crops"
"973","Household Expenditure|Food|Expenditure|Crops|Sugar crops"
"974","Household Expenditure|Food|Expenditure|Fish"
"975","Household Expenditure|Food|Expenditure|Livestock products"
"976","Household Expenditure|Food|Expenditure|Secondary products"
"977","Income"
"978","Nutrition|+|Calorie Supply"
"979","Nutrition|Calorie Supply"
"980","Nutrition|Calorie Supply|+|Bioenergy crops"
"981","Nutrition|Calorie Supply|+|Crop residues"
"982","Nutrition|Calorie Supply|+|Crops"
"983","Nutrition|Calorie Supply|+|Fish"
"984","Nutrition|Calorie Supply|+|Forage"
"985","Nutrition|Calorie Supply|+|Forest products"
"986","Nutrition|Calorie Supply|+|Livestock products"
"987","Nutrition|Calorie Supply|+|Pasture"
"988","Nutrition|Calorie Supply|+|Secondary products"
"989","Nutrition|Calorie Supply|Bioenergy crops|+|Short rotation grasses"
"990","Nutrition|Calorie Supply|Bioenergy crops|+|Short rotation trees"
"991","Nutrition|Calorie Supply|Crop residues|+|Non fibrous crop residues"
"992","Nutrition|Calorie Supply|Crop residues|+|Other fibrous crop residues"
"993","Nutrition|Calorie Supply|Crop residues|+|Straw"
"994","Nutrition|Calorie Supply|Crops|+|Cereals"
"995","Nutrition|Calorie Supply|Crops|+|Oil crops"
"996","Nutrition|Calorie Supply|Crops|+|Other crops"
"997","Nutrition|Calorie Supply|Crops|+|Sugar crops"
"998","Nutrition|Calorie Supply|Crops|Cereals|+|Maize"
"999","Nutrition|Calorie Supply|Crops|Cereals|+|Rice"
"1000","Nutrition|Calorie Supply|Crops|Cereals|+|Temperate cereals"
"1001","Nutrition|Calorie Supply|Crops|Cereals|+|Tropical cereals"
"1002","Nutrition|Calorie Supply|Crops|Oil crops|+|Cotton seed"
"1003","Nutrition|Calorie Supply|Crops|Oil crops|+|Groundnuts"
"1004","Nutrition|Calorie Supply|Crops|Oil crops|+|Oilpalms"
"1005","Nutrition|Calorie Supply|Crops|Oil crops|+|Other oil crops"
"1006","Nutrition|Calorie Supply|Crops|Oil crops|+|Other oil crops (incl rapeseed)"
"1007","Nutrition|Calorie Supply|Crops|Oil crops|+|Soybean"
"1008","Nutrition|Calorie Supply|Crops|Oil crops|+|Sunflower"
"1009","Nutrition|Calorie Supply|Crops|Other crops|+|Fruits Vegetables Nuts"
"1010","Nutrition|Calorie Supply|Crops|Other crops|+|Potatoes"
"1011","Nutrition|Calorie Supply|Crops|Other crops|+|Pulses"
"1012","Nutrition|Calorie Supply|Crops|Other crops|+|Tropical roots"
"1013","Nutrition|Calorie Supply|Crops|Sugar crops|+|Sugar beet"
"1014","Nutrition|Calorie Supply|Crops|Sugar crops|+|Sugar cane"
"1015","Nutrition|Calorie Supply|Forest products|+|Industrial roundwood"
"1016","Nutrition|Calorie Supply|Forest products|+|Wood fuel"
"1017","Nutrition|Calorie Supply|Livestock products|+|Dairy"
"1018","Nutrition|Calorie Supply|Livestock products|+|Eggs"
"1019","Nutrition|Calorie Supply|Livestock products|+|Monogastric meat"
"1020","Nutrition|Calorie Supply|Livestock products|+|Poultry meat"
"1021","Nutrition|Calorie Supply|Livestock products|+|Ruminant meat"
"1022","Nutrition|Calorie Supply|Secondary products|+|Alcoholic beverages"
"1023","Nutrition|Calorie Supply|Secondary products|+|Brans"
"1024","Nutrition|Calorie Supply|Secondary products|+|Cotton lint"
"1025","Nutrition|Calorie Supply|Secondary products|+|Distillers grains"
"1026","Nutrition|Calorie Supply|Secondary products|+|Ethanol"
"1027","Nutrition|Calorie Supply|Secondary products|+|Microbial protein"
"1028","Nutrition|Calorie Supply|Secondary products|+|Molasses"
"1029","Nutrition|Calorie Supply|Secondary products|+|Oilcakes"
"1030","Nutrition|Calorie Supply|Secondary products|+|Oils"
"1031","Nutrition|Calorie Supply|Secondary products|+|Sugar"
"1032","Nutrition|Dietary Composition|Livestock Demand Structure|Livestock products|+|Dairy"
"1033","Nutrition|Dietary Composition|Livestock Demand Structure|Livestock products|+|Eggs"
"1034","Nutrition|Dietary Composition|Livestock Demand Structure|Livestock products|+|Monogastric meat"
"1035","Nutrition|Dietary Composition|Livestock Demand Structure|Livestock products|+|Poultry meat"
"1036","Nutrition|Dietary Composition|Livestock Demand Structure|Livestock products|+|Ruminant meat"
"1037","Nutrition|Dietary Composition|Livestock Share"
"1038","Nutrition|Dietary Composition|Vegetables Fruits and Nuts Share"
"1039","Nutrition|Dietary Composition|Vegetables Fruits Nuts Share"
"1040","Population"
"1041","Prices|Agriculture|Alcoholic beverages"
"1042","Prices|Agriculture|Brans"
"1043","Prices|Agriculture|Cotton lint"
"1044","Prices|Agriculture|Cotton seed"
"1045","Prices|Agriculture|Dairy"
"1046","Prices|Agriculture|Distillers grains"
"1047","Prices|Agriculture|Eggs"
"1048","Prices|Agriculture|Ethanol"
"1049","Prices|Agriculture|Fish"
"1050","Prices|Agriculture|Fruits Vegetables Nuts"
"1051","Prices|Agriculture|Groundnuts"
"1052","Prices|Agriculture|Industrial roundwood"
"1053","Prices|Agriculture|Maize"
"1054","Prices|Agriculture|Microbial protein"
"1055","Prices|Agriculture|Molasses"
"1056","Prices|Agriculture|Monogastric meat"
"1057","Prices|Agriculture|Non fibrous crop residues"
"1058","Prices|Agriculture|Oilcakes"
"1059","Prices|Agriculture|Oilpalms"
"1060","Prices|Agriculture|Oils"
"1061","Prices|Agriculture|Other fibrous crop residues"
"1062","Prices|Agriculture|Other oil crops (incl rapeseed)"
"1063","Prices|Agriculture|Pasture"
"1064","Prices|Agriculture|Potatoes"
"1065","Prices|Agriculture|Poultry meat"
"1066","Prices|Agriculture|Pulses"
"1067","Prices|Agriculture|Rice"
"1068","Prices|Agriculture|Ruminant meat"
"1069","Prices|Agriculture|Short rotation grasses"
"1070","Prices|Agriculture|Short rotation trees"
"1071","Prices|Agriculture|Soybean"
"1072","Prices|Agriculture|Straw"
"1073","Prices|Agriculture|Sugar"
"1074","Prices|Agriculture|Sugar beet"
"1075","Prices|Agriculture|Sugar cane"
"1076","Prices|Agriculture|Sunflower"
"1077","Prices|Agriculture|Temperate cereals"
"1078","Prices|Agriculture|Tropical cereals"
"1079","Prices|Agriculture|Tropical roots"
"1080","Prices|Agriculture|Wood fuel"
"1081","Prices|Food Price Index"
"1082","Production|+|Bioenergy crops"
"1083","Production|+|Crop residues"
"1084","Production|+|Crops"
"1085","Production|+|Fish"
"1086","Production|+|Forage"
"1087","Production|+|Forest products"
"1088","Production|+|Livestock products"
"1089","Production|+|Pasture"
"1090","Production|+|Secondary products"
"1091","Production|Bioenergy crops|+|Short rotation grasses"
"1092","Production|Bioenergy crops|+|Short rotation trees"
"1093","Production|Crop residues|+|Non fibrous crop residues"
"1094","Production|Crop residues|+|Other fibrous crop residues"
"1095","Production|Crop residues|+|Straw"
"1096","Production|Crops|+|Cereals"
"1097","Production|Crops|+|Oil crops"
"1098","Production|Crops|+|Other crops"
"1099","Production|Crops|+|Sugar crops"
"1100","Production|Crops|Cereals|+|Maize"
"1101","Production|Crops|Cereals|+|Rice"
"1102","Production|Crops|Cereals|+|Temperate cereals"
"1103","Production|Crops|Cereals|+|Tropical cereals"
"1104","Production|Crops|Oil crops|+|Cotton seed"
"1105","Production|Crops|Oil crops|+|Groundnuts"
"1106","Production|Crops|Oil crops|+|Oilpalms"
"1107","Production|Crops|Oil crops|+|Other oil crops (incl rapeseed)"
"1108","Production|Crops|Oil crops|+|Soybean"
"1109","Production|Crops|Oil crops|+|Sunflower"
"1110","Production|Crops|Other crops|+|Fruits Vegetables Nuts"
"1111","Production|Crops|Other crops|+|Potatoes"
"1112","Production|Crops|Other crops|+|Pulses"
"1113","Production|Crops|Other crops|+|Tropical roots"
"1114","Production|Crops|Sugar crops|+|Sugar beet"
"1115","Production|Crops|Sugar crops|+|Sugar cane"
"1116","Production|Forest products|+|Industrial roundwood"
"1117","Production|Forest products|+|Wood fuel"
"1118","Production|Livestock products|+|Dairy"
"1119","Production|Livestock products|+|Eggs"
"1120","Production|Livestock products|+|Monogastric meat"
"1121","Production|Livestock products|+|Poultry meat"
"1122","Production|Livestock products|+|Ruminant meat"
"1123","Production|Secondary products|+|Alcoholic beverages"
"1124","Production|Secondary products|+|Brans"
"1125","Production|Secondary products|+|Cotton lint"
"1126","Production|Secondary products|+|Distillers grains"
"1127","Production|Secondary products|+|Ethanol"
"1128","Production|Secondary products|+|Microbial protein"
"1129","Production|Secondary products|+|Molasses"
"1130","Production|Secondary products|+|Oilcakes"
"1131","Production|Secondary products|+|Oils"
"1132","Production|Secondary products|+|Sugar"
"1133","Production|Secondary Products|Alcoholic beverages|+|Brans"
"1134","Production|Secondary Products|Alcoholic beverages|+|Fruits Vegetables Nuts"
"1135","Production|Secondary Products|Alcoholic beverages|+|Molasses"
"1136","Production|Secondary Products|Alcoholic beverages|+|Potatoes"
"1137","Production|Secondary Products|Alcoholic beverages|+|Rice"
"1138","Production|Secondary Products|Alcoholic beverages|+|Sugar"
"1139","Production|Secondary Products|Alcoholic beverages|+|Temperate cereals"
"1140","Production|Secondary Products|Alcoholic beverages|+|Tropical cereals"
"1141","Production|Secondary Products|Alcoholic beverages|+|Tropical roots"
"1142","Production|Secondary Products|Brans|+|Maize"
"1143","Production|Secondary Products|Brans|+|Rice"
"1144","Production|Secondary Products|Brans|+|Temperate cereals"
"1145","Production|Secondary Products|Brans|+|Tropical cereals"
"1146","Production|Secondary Products|Distillers grains|+|Maize"
"1147","Production|Secondary Products|Distillers grains|+|Temperate cereals"
"1148","Production|Secondary Products|Ethanol|+|Maize"
"1149","Production|Secondary Products|Ethanol|+|Sugar cane"
"1150","Production|Secondary Products|Ethanol|+|Temperate cereals"
"1151","Production|Secondary Products|Molasses|+|Sugar beet"
"1152","Production|Secondary Products|Molasses|+|Sugar cane"
"1153","Production|Secondary Products|Oilcakes|+|Cotton seed"
"1154","Production|Secondary Products|Oilcakes|+|Groundnuts"
"1155","Production|Secondary Products|Oilcakes|+|Oilpalms"
"1156","Production|Secondary Products|Oilcakes|+|Other oil crops (incl rapeseed)"
"1157","Production|Secondary Products|Oilcakes|+|Soybean"
"1158","Production|Secondary Products|Oilcakes|+|Sunflower"
"1159","Production|Secondary Products|Oils|+|Cotton seed"
"1160","Production|Secondary Products|Oils|+|Groundnuts"
"1161","Production|Secondary Products|Oils|+|Maize"
"1162","Production|Secondary Products|Oils|+|Oilpalms"
"1163","Production|Secondary Products|Oils|+|Other oil crops (incl rapeseed)"
"1164","Production|Secondary Products|Oils|+|Rice"
"1165","Production|Secondary Products|Oils|+|Soybean"
"1166","Production|Secondary Products|Oils|+|Sunflower"
"1167","Production|Secondary Products|Sugar|+|Maize"
"1168","Production|Secondary Products|Sugar|+|Sugar beet"
"1169","Production|Secondary Products|Sugar|+|Sugar cane"
"1170","Productivity|Landuse Intensity Indicator Tau"
"1171","Productivity|Yield|+|Bioenergy crops"
"1172","Productivity|Yield|+|Crops"
"1173","Productivity|Yield|+|Forage"
"1174","Productivity|Yield|+|Pasture"
"1175","Productivity|Yield|Bioenergy crops|+|Short rotation grasses"
"1176","Productivity|Yield|Bioenergy crops|+|Short rotation trees"
"1177","Productivity|Yield|Crops|+|Cereals"
"1178","Productivity|Yield|Crops|+|Oil crops"
"1179","Productivity|Yield|Crops|+|Other crops"
"1180","Productivity|Yield|Crops|+|Sugar crops"
"1181","Productivity|Yield|Crops|Cereals|+|Maize"
"1182","Productivity|Yield|Crops|Cereals|+|Rice"
"1183","Productivity|Yield|Crops|Cereals|+|Temperate cereals"
"1184","Productivity|Yield|Crops|Cereals|+|Tropical cereals"
"1185","Productivity|Yield|Crops|Oil crops|+|Cotton seed"
"1186","Productivity|Yield|Crops|Oil crops|+|Groundnuts"
"1187","Productivity|Yield|Crops|Oil crops|+|Oilpalms"
"1188","Productivity|Yield|Crops|Oil crops|+|Other oil crops (incl rapeseed)"
"1189","Productivity|Yield|Crops|Oil crops|+|Soybean"
"1190","Productivity|Yield|Crops|Oil crops|+|Sunflower"
"1191","Productivity|Yield|Crops|Other crops|+|Fruits Vegetables Nuts"
"1192","Productivity|Yield|Crops|Other crops|+|Potatoes"
"1193","Productivity|Yield|Crops|Other crops|+|Pulses"
"1194","Productivity|Yield|Crops|Other crops|+|Tropical roots"
"1195","Productivity|Yield|Crops|Sugar crops|+|Sugar beet"
"1196","Productivity|Yield|Crops|Sugar crops|+|Sugar cane"
"1197","Resources|Carbon Stocks|Litter Carbon"
"1198","Resources|Carbon Stocks|Vegetation Carbon"
"1199","Resources|Land Cover"
"1200","Resources|Land Cover Change|+|Cropland"
"1201","Resources|Land Cover Change|+|Forest"
"1202","Resources|Land Cover Change|+|Other Land"
"1203","Resources|Land Cover Change|+|Pastures and Rangelands"
"1204","Resources|Land Cover Change|+|Urban Area"
"1205","Resources|Land Cover Change|Forest|+|Managed Forest"
"1206","Resources|Land Cover Change|Forest|+|Natural Forest"
"1207","Resources|Land Cover Change|Forest|Natural Forest|+|Primary Forest"
"1208","Resources|Land Cover Change|Forest|Natural Forest|+|Secondary Forest"
"1209","Resources|Land Cover|+|Cropland"
"1210","Resources|Land Cover|+|Forest"
"1211","Resources|Land Cover|+|Other Land"
"1212","Resources|Land Cover|+|Pastures and Rangelands"
"1213","Resources|Land Cover|+|Urban Area"
"1214","Resources|Land Cover|Cropland|+|Bioenergy crops"
"1215","Resources|Land Cover|Cropland|+|Crops"
"1216","Resources|Land Cover|Cropland|+|Forage"
"1217","Resources|Land Cover|Cropland|Area actually irrigated"
"1218","Resources|Land Cover|Cropland|Area equipped for irrigation"
"1219","Resources|Land Cover|Cropland|Bioenergy crops|+|Short rotation grasses"
"1220","Resources|Land Cover|Cropland|Bioenergy crops|+|Short rotation trees"
"1221","Resources|Land Cover|Cropland|Crops|+|Cereals"
"1222","Resources|Land Cover|Cropland|Crops|+|Oil crops"
"1223","Resources|Land Cover|Cropland|Crops|+|Other crops"
"1224","Resources|Land Cover|Cropland|Crops|+|Sugar crops"
"1225","Resources|Land Cover|Cropland|Crops|Cereals|+|Maize"
"1226","Resources|Land Cover|Cropland|Crops|Cereals|+|Rice"
"1227","Resources|Land Cover|Cropland|Crops|Cereals|+|Temperate cereals"
"1228","Resources|Land Cover|Cropland|Crops|Cereals|+|Tropical cereals"
"1229","Resources|Land Cover|Cropland|Crops|Oil crops|+|Cotton seed"
"1230","Resources|Land Cover|Cropland|Crops|Oil crops|+|Groundnuts"
"1231","Resources|Land Cover|Cropland|Crops|Oil crops|+|Oilpalms"
"1232","Resources|Land Cover|Cropland|Crops|Oil crops|+|Other oil crops (incl rapeseed)"
"1233","Resources|Land Cover|Cropland|Crops|Oil crops|+|Soybean"
"1234","Resources|Land Cover|Cropland|Crops|Oil crops|+|Sunflower"
"1235","Resources|Land Cover|Cropland|Crops|Other crops|+|Fruits Vegetables Nuts"
"1236","Resources|Land Cover|Cropland|Crops|Other crops|+|Potatoes"
"1237","Resources|Land Cover|Cropland|Crops|Other crops|+|Pulses"
"1238","Resources|Land Cover|Cropland|Crops|Other crops|+|Tropical roots"
"1239","Resources|Land Cover|Cropland|Crops|Sugar crops|+|Sugar beet"
"1240","Resources|Land Cover|Cropland|Crops|Sugar crops|+|Sugar cane"
"1241","Resources|Land Cover|Forest|+|Managed Forest"
"1242","Resources|Land Cover|Forest|+|Natural Forest"
"1243","Resources|Land Cover|Forest|Natural Forest|+|Primary Forest"
"1244","Resources|Land Cover|Forest|Natural Forest|+|Secondary Forest"
"1245","Resources|Nitrogen|Cropland Budget|Balance"
"1246","Resources|Nitrogen|Cropland Budget|Balance|+|Balanceflow"
"1247","Resources|Nitrogen|Cropland Budget|Balance|+|Nutrient Surplus"
"1248","Resources|Nitrogen|Cropland Budget|Balance|+|Soil Organic Matter Loss"
"1249","Resources|Nitrogen|Cropland Budget|Inputs"
"1250","Resources|Nitrogen|Cropland Budget|Inputs|+|Ash from Burned Crop Residues"
"1251","Resources|Nitrogen|Cropland Budget|Inputs|+|Atmospheric Deposition"
"1252","Resources|Nitrogen|Cropland Budget|Inputs|+|Biological Fixation Freeliving Microorganisms"
"1253","Resources|Nitrogen|Cropland Budget|Inputs|+|Biological Fixation Symbiotic Crops"
"1254","Resources|Nitrogen|Cropland Budget|Inputs|+|Fertilizer"
"1255","Resources|Nitrogen|Cropland Budget|Inputs|+|Manure"
"1256","Resources|Nitrogen|Cropland Budget|Inputs|+|Manure From Grazing"
"1257","Resources|Nitrogen|Cropland Budget|Inputs|+|Recycled Aboveground Crop Residues"
"1258","Resources|Nitrogen|Cropland Budget|Inputs|+|Recycled Belowground Crop Residues"
"1259","Resources|Nitrogen|Cropland Budget|Inputs|+|Seed"
"1260","Resources|Nitrogen|Cropland Budget|Withdrawals"
"1261","Resources|Nitrogen|Cropland Budget|Withdrawals|+|Aboveground Crop Residues"
"1262","Resources|Nitrogen|Cropland Budget|Withdrawals|+|Belowground Crop Residues"
"1263","Resources|Nitrogen|Cropland Budget|Withdrawals|+|Harvested Crops"
"1264","Resources|Nitrogen|Manure"
"1265","Resources|Nitrogen|Manure|++|Manure Collected As Fuel"
"1266","Resources|Nitrogen|Manure|++|Manure From Grazing"
"1267","Resources|Nitrogen|Manure|++|Manure From Stubble Grazing"
"1268","Resources|Nitrogen|Manure|++|Manure In Confinements"
"1269","Resources|Nitrogen|Manure|+|Dairy"
"1270","Resources|Nitrogen|Manure|+|Eggs"
"1271","Resources|Nitrogen|Manure|+|Monogastric meat"
"1272","Resources|Nitrogen|Manure|+|Poultry meat"
"1273","Resources|Nitrogen|Manure|+|Ruminant meat"
"1274","Resources|Nitrogen|Manure|Dairy"
"1275","Resources|Nitrogen|Manure|Eggs"
"1276","Resources|Nitrogen|Manure|Manure Collected As Fuel|+|Dairy"
"1277","Resources|Nitrogen|Manure|Manure Collected As Fuel|+|Eggs"
"1278","Resources|Nitrogen|Manure|Manure Collected As Fuel|+|Monogastric meat"
"1279","Resources|Nitrogen|Manure|Manure Collected As Fuel|+|Poultry meat"
"1280","Resources|Nitrogen|Manure|Manure Collected As Fuel|+|Ruminant meat"
"1281","Resources|Nitrogen|Manure|Manure From Grazing|+|Dairy"
"1282","Resources|Nitrogen|Manure|Manure From Grazing|+|Eggs"
"1283","Resources|Nitrogen|Manure|Manure From Grazing|+|Monogastric meat"
"1284","Resources|Nitrogen|Manure|Manure From Grazing|+|Poultry meat"
"1285","Resources|Nitrogen|Manure|Manure From Grazing|+|Ruminant meat"
"1286","Resources|Nitrogen|Manure|Manure From Stubble Grazing|+|Dairy"
"1287","Resources|Nitrogen|Manure|Manure From Stubble Grazing|+|Eggs"
"1288","Resources|Nitrogen|Manure|Manure From Stubble Grazing|+|Monogastric meat"
"1289","Resources|Nitrogen|Manure|Manure From Stubble Grazing|+|Poultry meat"
"1290","Resources|Nitrogen|Manure|Manure From Stubble Grazing|+|Ruminant meat"
"1291","Resources|Nitrogen|Manure|Manure In Confinements|+|Dairy"
"1292","Resources|Nitrogen|Manure|Manure In Confinements|+|Eggs"
"1293","Resources|Nitrogen|Manure|Manure In Confinements|+|Monogastric meat"
"1294","Resources|Nitrogen|Manure|Manure In Confinements|+|Poultry meat"
"1295","Resources|Nitrogen|Manure|Manure In Confinements|+|Ruminant meat"
"1296","Resources|Nitrogen|Manure|Monogastric meat"
"1297","Resources|Nitrogen|Manure|Poultry meat"
"1298","Resources|Nitrogen|Manure|Ruminant meat"
"1299","Resources|Nitrogen|Pasture Budget|Balance"
"1300","Resources|Nitrogen|Pasture Budget|Balance|+|Balanceflow"
"1301","Resources|Nitrogen|Pasture Budget|Balance|+|Nutrient Surplus"
"1302","Resources|Nitrogen|Pasture Budget|Inputs"
"1303","Resources|Nitrogen|Pasture Budget|Inputs|+|Atmospheric Deposition"
"1304","Resources|Nitrogen|Pasture Budget|Inputs|+|Biological Fixation Freeliving Microorganisms"
"1305","Resources|Nitrogen|Pasture Budget|Inputs|+|Fertilizer"
"1306","Resources|Nitrogen|Pasture Budget|Inputs|+|Manure From Grazing"
"1307","Resources|Nitrogen|Pasture Budget|Withdrawals"
"1308","Resources|Nitrogen|Pasture Budget|Withdrawals|+|Harvested Crops"
"1309","Resources|Soil Carbon|Actual|Carbon Share|SOC in top 30 cm"
"1310","Resources|Soil Carbon|Actual|Carbon Share|SOC in top 30 cm|+|Cropland Soils"
"1311","Resources|Soil Carbon|Actual|Carbon Share|SOC in top 30 cm|+|Noncropland Soils"
"1312","Resources|Soil Carbon|Actual|Density|SOC in top 30 cm"
"1313","Resources|Soil Carbon|Actual|Density|SOC in top 30 cm|Cropland Soils"
"1314","Resources|Soil Carbon|Actual|Density|SOC in top 30 cm|Noncropland Soils"
"1315","Resources|Soil Carbon|Actual|Stock Change|SOC in top 30 cm"
"1316","Resources|Soil Carbon|Actual|Stock Change|SOC in top 30 cm|+|Cropland Soils"
"1317","Resources|Soil Carbon|Actual|Stock Change|SOC in top 30 cm|+|Noncropland Soils"
"1318","Resources|Soil Carbon|Actual|Stock|SOC in top 30 cm"
"1319","Resources|Soil Carbon|Actual|Stock|SOC in top 30 cm|+|Cropland Soils"
"1320","Resources|Soil Carbon|Actual|Stock|SOC in top 30 cm|+|Noncropland Soils"
"1321","Resources|Soil Carbon|Target|Carbon Share|SOC in top 30 cm"
"1322","Resources|Soil Carbon|Target|Carbon Share|SOC in top 30 cm|+|Cropland Soils"
"1323","Resources|Soil Carbon|Target|Carbon Share|SOC in top 30 cm|+|Noncropland Soils"
"1324","Resources|Soil Carbon|Target|Density|SOC in top 30 cm"
"1325","Resources|Soil Carbon|Target|Density|SOC in top 30 cm|+|Cropland Soils"
"1326","Resources|Soil Carbon|Target|Density|SOC in top 30 cm|+|Noncropland Soils"
"1327","Resources|Soil Carbon|Target|Stock|SOC in top 30 cm"
"1328","Resources|Soil Carbon|Target|Stock|SOC in top 30 cm|+|Cropland Soils"
"1329","Resources|Soil Carbon|Target|Stock|SOC in top 30 cm|+|Noncropland Soils"
"1330","Resources|Water|Withdrawal|Agriculture"
"1331","Trade|+|Net-Trade"
"1332","Trade|Net-Trade|+|Bioenergy crops"
"1333","Trade|Net-Trade|+|Crop residues"
"1334","Trade|Net-Trade|+|Crops"
"1335","Trade|Net-Trade|+|Fish"
"1336","Trade|Net-Trade|+|Forage"
"1337","Trade|Net-Trade|+|Forest products"
"1338","Trade|Net-Trade|+|Livestock products"
"1339","Trade|Net-Trade|+|Pasture"
"1340","Trade|Net-Trade|+|Secondary products"
"1341","Trade|Net-Trade|Bioenergy crops|+|Short rotation grasses"
"1342","Trade|Net-Trade|Bioenergy crops|+|Short rotation trees"
"1343","Trade|Net-Trade|Crop residues|+|Non fibrous crop residues"
"1344","Trade|Net-Trade|Crop residues|+|Other fibrous crop residues"
"1345","Trade|Net-Trade|Crop residues|+|Straw"
"1346","Trade|Net-Trade|Crops|+|Cereals"
"1347","Trade|Net-Trade|Crops|+|Oil crops"
"1348","Trade|Net-Trade|Crops|+|Other crops"
"1349","Trade|Net-Trade|Crops|+|Sugar crops"
"1350","Trade|Net-Trade|Crops|Cereals|+|Maize"
"1351","Trade|Net-Trade|Crops|Cereals|+|Rice"
"1352","Trade|Net-Trade|Crops|Cereals|+|Temperate cereals"
"1353","Trade|Net-Trade|Crops|Cereals|+|Tropical cereals"
"1354","Trade|Net-Trade|Crops|Oil crops|+|Cotton seed"
"1355","Trade|Net-Trade|Crops|Oil crops|+|Groundnuts"
"1356","Trade|Net-Trade|Crops|Oil crops|+|Oilpalms"
"1357","Trade|Net-Trade|Crops|Oil crops|+|Other oil crops (incl rapeseed)"
"1358","Trade|Net-Trade|Crops|Oil crops|+|Soybean"
"1359","Trade|Net-Trade|Crops|Oil crops|+|Sunflower"
"1360","Trade|Net-Trade|Crops|Other crops|+|Fruits Vegetables Nuts"
"1361","Trade|Net-Trade|Crops|Other crops|+|Potatoes"
"1362","Trade|Net-Trade|Crops|Other crops|+|Pulses"
"1363","Trade|Net-Trade|Crops|Other crops|+|Tropical roots"
"1364","Trade|Net-Trade|Crops|Sugar crops|+|Sugar beet"
"1365","Trade|Net-Trade|Crops|Sugar crops|+|Sugar cane"
"1366","Trade|Net-Trade|Forest products|+|Industrial roundwood"
"1367","Trade|Net-Trade|Forest products|+|Wood fuel"
"1368","Trade|Net-Trade|Livestock products|+|Dairy"
"1369","Trade|Net-Trade|Livestock products|+|Eggs"
"1370","Trade|Net-Trade|Livestock products|+|Monogastric meat"
"1371","Trade|Net-Trade|Livestock products|+|Poultry meat"
"1372","Trade|Net-Trade|Livestock products|+|Ruminant meat"
"1373","Trade|Net-Trade|Secondary products|+|Alcoholic beverages"
"1374","Trade|Net-Trade|Secondary products|+|Brans"
"1375","Trade|Net-Trade|Secondary products|+|Cotton lint"
"1376","Trade|Net-Trade|Secondary products|+|Distillers grains"
"1377","Trade|Net-Trade|Secondary products|+|Ethanol"
"1378","Trade|Net-Trade|Secondary products|+|Microbial protein"
"1379","Trade|Net-Trade|Secondary products|+|Molasses"
"1380","Trade|Net-Trade|Secondary products|+|Oilcakes"
"1381","Trade|Net-Trade|Secondary products|+|Oils"
"1382","Trade|Net-Trade|Secondary products|+|Sugar"
"1383","Trade|Self-sufficiency|Bioenergy crops"
"1384","Trade|Self-sufficiency|Bioenergy crops|Short rotation grasses"
"1385","Trade|Self-sufficiency|Bioenergy crops|Short rotation trees"
"1386","Trade|Self-sufficiency|Crops|Cereals"
"1387","Trade|Self-sufficiency|Crops|Cereals|Maize"
"1388","Trade|Self-sufficiency|Crops|Cereals|Rice"
"1389","Trade|Self-sufficiency|Crops|Cereals|Temperate cereals"
"1390","Trade|Self-sufficiency|Crops|Cereals|Tropical cereals"
"1391","Trade|Self-sufficiency|Crops|Other crops"
"1392","Trade|Self-sufficiency|Crops|Other crops|Fruits Vegetables Nuts"
"1393","Trade|Self-sufficiency|Crops|Other crops|Potatoes"
"1394","Trade|Self-sufficiency|Crops|Other crops|Pulses"
"1395","Trade|Self-sufficiency|Crops|Other crops|Tropical roots"
"1396","Trade|Self-sufficiency|Crops|Sugar crops"
"1397","Trade|Self-sufficiency|Crops|Sugar crops|Sugar beet"
"1398","Trade|Self-sufficiency|Crops|Sugar crops|Sugar cane"
"1399","Trade|Self-sufficiency|Fish"
"1400","Trade|Self-sufficiency|Forest products"
"1401","Trade|Self-sufficiency|Forest products|Industrial roundwood"
"1402","Trade|Self-sufficiency|Forest products|Wood fuel"
"1403","Trade|Self-sufficiency|Livestock products"
"1404","Trade|Self-sufficiency|Livestock products|Dairy"
"1405","Trade|Self-sufficiency|Livestock products|Eggs"
"1406","Trade|Self-sufficiency|Livestock products|Monogastric meat"
"1407","Trade|Self-sufficiency|Livestock products|Poultry meat"
"1408","Trade|Self-sufficiency|Livestock products|Ruminant meat"
"1409","Trade|Self-sufficiency|Secondary products"
"1410","Trade|Self-sufficiency|Secondary products|Alcoholic beverages"
"1411","Trade|Self-sufficiency|Secondary products|Brans"
"1412","Trade|Self-sufficiency|Secondary products|Cotton lint"
"1413","Trade|Self-sufficiency|Secondary products|Distillers grains"
"1414","Trade|Self-sufficiency|Secondary products|Ethanol"
"1415","Trade|Self-sufficiency|Secondary products|Microbial protein"
"1416","Trade|Self-sufficiency|Secondary products|Molasses"
"1417","Trade|Self-sufficiency|Secondary products|Oilcakes"
"1418","Trade|Self-sufficiency|Secondary products|Oils"
"1419","Trade|Self-sufficiency|Secondary products|Sugar"
